Nombre de la carrera,Dirección,Área del conocimiento,Datos Estadísticos (DGAE-UNAM),Aciertos Mínimos por Examen de Selección,Promedio de corte pase reglamentado,Cupo,Características del aspirante,Descripción de la carrera,Palabras asociadas,Latitud,Longitud,
Actuaría - Facultad de Ciencias,"Facultad de Ciencias, Ciudad de México",Ciencias Físico - Matemáticas y de las Ingenierías,"La demanda a primer ingreso en esta licenciatura en el ciclo 2023-2024 fue de 2,210. La asignación total de lugares para esta carrera fue de 695, por lo que de cada 3 estudiantes que demandaron la carrera, ingresó 1. El 41% del alumnado de primer ingreso son mujeres y 59% hombres.",Facultad de Ciencias: 109,Facultad de Ciencias: 9.00,Asignación total de 695 lugares (conjunto con FES Acatlán),"Haber cursado el Área de las Ciencias Físico-Matemáticas en bachillerato. Sólidos conocimientos en álgebra, cálculo y geometría analítica. Manejo de programas de computación. Creatividad, gusto por el estudio, tenacidad y perseverancia para el análisis y solución de problemas.","Los actuarios son profesionistas que estudian, plantean, formulan y aplican modelos de contenido matemático con el fin de proveer información para la planeación, previsión y toma de decisiones, y para resolver problemas económicos y sociales que involucran riesgos.","actuaría, seguros, finanzas, demografía, estadística, matemáticas, riesgo","19,3243","-99,1796",
Actuaría - FES Acatlán,"FES Acatlán, Estado de México",Ciencias Físico - Matemáticas y de las Ingenierías,"La demanda a primer ingreso en esta licenciatura en el ciclo 2023-2024 fue de 2,210. La asignación total de lugares para esta carrera fue de 695, por lo que de cada 3 estudiantes que demandaron la carrera, ingresó 1. El 41% del alumnado de primer ingreso son mujeres y 59% hombres.",FES Acatlán: 97,FES Acatlán: 8.73,Asignación total de 695 lugares (conjunto con Facultad de Ciencias),"Haber cursado el Área de las Ciencias Físico-Matemáticas en bachillerato. Sólidos conocimientos en álgebra, cálculo y geometría analítica. Manejo de programas de computación. Creatividad, gusto por el estudio, tenacidad y perseverancia para el análisis y solución de problemas.","Los actuarios son profesionistas que estudian, plantean, formulan y aplican modelos de contenido matemático con el fin de proveer información para la planeación, previsión y toma de decisiones, y para resolver problemas económicos y sociales que involucran riesgos.","actuaría, seguros, finanzas, demografía, estadística, matemáticas, riesgo","19,5135","-99,2484",
Administración - FCA Escolarizada,"Facultad de Contaduría y Administración, Ciudad de México",Ciencias Sociales,"La demanda a primer ingreso en esta licenciatura en el ciclo 2023-2024 fue de 15,544. La asignación total de lugares para esta carrera fue de 2,539, por lo que de cada 6 estudiantes que demandaron la carrera, ingresó 1. El 53% del alumnado de primer ingreso son mujeres y 47% hombres.",FCA Escolarizada: 90,FCA Escolarizada: 8.11,"Asignación total de 2,539 lugares (conjunto todas las sedes)","Bases matemáticas, lectura y redacción, ciencias sociales, TIC, comprensión lectora en español y nociones de inglés. Habilidades de comunicación asertiva, trabajo colaborativo, creatividad, liderazgo, pensamiento analítico y adaptabilidad. Compromiso de servicio, responsabilidad.","En Administración se forman profesionistas con visión estratégica, ética y de compromiso social expertos en promover el logro eficiente de objetivos de organizaciones públicas, privadas y sociales en sus diferentes niveles jerárquicos.","administración, gestión, empresas, organizaciones, recursos humanos, finanzas, contabilidad, emprendimiento, liderazgo","19,3285","-99,1882",
Administración - FCA Abierta,"Facultad de Contaduría y Administración (Sistema Abierto), Ciudad de México",Ciencias Sociales,"La demanda a primer ingreso en esta licenciatura en el ciclo 2023-2024 fue de 15,544. La asignación total de lugares para esta carrera fue de 2,539, por lo que de cada 6 estudiantes que demandaron la carrera, ingresó 1. El 53% del alumnado de primer ingreso son mujeres y 47% hombres.",FCA Abierta: 78,FCA Abierta: 7.24,"Asignación total de 2,539 lugares (conjunto todas las sedes)","Bases matemáticas, lectura y redacción, ciencias sociales, TIC, comprensión lectora en español y nociones de inglés. Habilidades de comunicación asertiva, trabajo colaborativo, creatividad, liderazgo, pensamiento analítico y adaptabilidad. Compromiso de servicio, responsabilidad.","En Administración se forman profesionistas con visión estratégica, ética y de compromiso social expertos en promover el logro eficiente de objetivos de organizaciones públicas, privadas y sociales en sus diferentes niveles jerárquicos.","administración, gestión, empresas, organizaciones, recursos humanos, finanzas, contabilidad, emprendimiento, liderazgo","19,3285","-99,1882",
Administración - FCA a Distancia,"Facultad de Contaduría y Administración (Modalidad a Distancia), Ciudad de México",Ciencias Sociales,"La demanda a primer ingreso en esta licenciatura en el ciclo 2023-2024 fue de 15,544. La asignación total de lugares para esta carrera fue de 2,539, por lo que de cada 6 estudiantes que demandaron la carrera, ingresó 1. El 53% del alumnado de primer ingreso son mujeres y 47% hombres.",FCA a Distancia: 75,FCA a Distancia: 8.27,"Asignación total de 2,539 lugares (conjunto todas las sedes)","Bases matemáticas, lectura y redacción, ciencias sociales, TIC, comprensión lectora en español y nociones de inglés. Habilidades de comunicación asertiva, trabajo colaborativo, creatividad, liderazgo, pensamiento analítico y adaptabilidad. Compromiso de servicio, responsabilidad.","En Administración se forman profesionistas con visión estratégica, ética y de compromiso social expertos en promover el logro eficiente de objetivos de organizaciones públicas, privadas y sociales en sus diferentes niveles jerárquicos.","administración, gestión, empresas, organizaciones, recursos humanos, finanzas, contabilidad, emprendimiento, liderazgo","19,3285","-99,1882",
Administración - FES Cuautitlán,"FES Cuautitlán, Estado de México",Ciencias Sociales,"La demanda a primer ingreso en esta licenciatura en el ciclo 2023-2024 fue de 15,544. La asignación total de lugares para esta carrera fue de 2,539, por lo que de cada 6 estudiantes que demandaron la carrera, ingresó 1. El 53% del alumnado de primer ingreso son mujeres y 47% hombres.",FES Cuautitlán: 60,FES Cuautitlán: 7.46,"Asignación total de 2,539 lugares (conjunto todas las sedes)","Bases matemáticas, lectura y redacción, ciencias sociales, TIC, comprensión lectora en español y nociones de inglés. Habilidades de comunicación asertiva, trabajo colaborativo, creatividad, liderazgo, pensamiento analítico y adaptabilidad. Compromiso de servicio, responsabilidad.","En Administración se forman profesionistas con visión estratégica, ética y de compromiso social expertos en promover el logro eficiente de objetivos de organizaciones públicas, privadas y sociales en sus diferentes niveles jerárquicos.","administración, gestión, empresas, organizaciones, recursos humanos, finanzas, contabilidad, emprendimiento, liderazgo","19,6856","-99,1822",
Administración - Oaxaca,Facultad de Contaduría y Administración (Extensión Oaxaca),Ciencias Sociales,"La demanda a primer ingreso en esta licenciatura en el ciclo 2023-2024 fue de 15,544. La asignación total de lugares para esta carrera fue de 2,539, por lo que de cada 6 estudiantes que demandaron la carrera, ingresó 1. El 53% del alumnado de primer ingreso son mujeres y 47% hombres.",Oaxaca: 45,Oaxaca: Información no disponible,"Asignación total de 2,539 lugares (conjunto todas las sedes)","Bases matemáticas, lectura y redacción, ciencias sociales, TIC, comprensión lectora en español y nociones de inglés. Habilidades de comunicación asertiva, trabajo colaborativo, creatividad, liderazgo, pensamiento analítico y adaptabilidad. Compromiso de servicio, responsabilidad.","En Administración se forman profesionistas con visión estratégica, ética y de compromiso social expertos en promover el logro eficiente de objetivos de organizaciones públicas, privadas y sociales en sus diferentes niveles jerárquicos.","administración, gestión, empresas, organizaciones, recursos humanos, finanzas, contabilidad, emprendimiento, liderazgo","17,0594","-96,7216",
Administración Agropecuaria - ENES León,"ENES Unidad León, Guanajuato",Ciencias Sociales,"La demanda a primer ingreso en esta licenciatura en el ciclo 2023-2024 fue de 45. La asignación total de lugares para esta carrera fue de 26, por lo que de cada 2 estudiantes que demandaron la carrera, ingresó 1. El 50% del alumnado de primer ingreso son mujeres y 50% hombres.",ENES Unidad León: 45,ENES Unidad León: 7.22,Cupo máximo de 40 alumnos,"Habilidades para la búsqueda, análisis y síntesis de información; conocimientos básicos de matemáticas y estadística; capacidad para comunicarse de manera oral y escrita; interés en elevar los niveles de vida de los productores del campo y sus familias.","Se forman profesionales capaces de detectar, analizar, emprender y administrar proyectos agrícolas, pecuarios, piscícolas, forestales y medioambientales, aplicando los principios y técnicas administrativas, financieras y mercadológicas.","administración, agropecuario, agricultura, ganadería, proyectos, desarrollo rural, sustentabilidad","21,0382","-101,6589",
Administración de Archivos y Gestión Documental - ENES Morelia (Distancia),"ENES Unidad Morelia, Michoacán (Modalidad a Distancia)",Humanidades y de las Artes,"La demanda a primer ingreso en esta licenciatura en el ciclo 2023-2024 fue de 382. La asignación total de lugares para esta carrera fue de 164, por lo que de cada 2 estudiantes que demandaron la carrera, ingresó 1. El 59% del alumnado de primer ingreso son mujeres y 41% hombres.",ENES Morelia a Distancia: 51,ENES Morelia a Distancia: 8.53,Asignación total de 164 lugares (conjunto con FFyL),"Conocimientos de los contextos y procesos sociales, económicos y culturales de México. Habilidades de comprensión lectora, comunicación escrita e interacción social. Compromiso social y disposición para trabajar en equipo.","Para atender las necesidades actuales en materia de manejo, disponibilidad y uso de la documentación, surge la necesidad de contar con profesionales que utilizan la teoría y práctica archivística, y los instrumentos de la administración para optimizar recursos y servicios.","archivística, gestión documental, administración, archivos, documentos, información, preservación","19,649","-101,225",
Administración de Archivos y Gestión Documental - FFyL,"Facultad de Filosofía y Letras, Ciudad de México",Humanidades y de las Artes,"La demanda a primer ingreso en esta licenciatura en el ciclo 2023-2024 fue de 382. La asignación total de lugares para esta carrera fue de 164, por lo que de cada 2 estudiantes que demandaron la carrera, ingresó 1. El 59% del alumnado de primer ingreso son mujeres y 41% hombres.",FFyL: 55,FFyL: 7.77,Asignación total de 164 lugares (conjunto con ENES Morelia),"Conocimientos de los contextos y procesos sociales, económicos y culturales de México. Habilidades de comprensión lectora, comunicación escrita e interacción social. Compromiso social y disposición para trabajar en equipo.","Para atender las necesidades actuales en materia de manejo, disponibilidad y uso de la documentación, surge la necesidad de contar con profesionales que utilizan la teoría y práctica archivística, y los instrumentos de la administración para optimizar recursos y servicios.","archivística, gestión documental, administración, archivos, documentos, información, preservación","19,3349","-99,1879",
Antropología - FCPyS,"Facultad de Ciencias Políticas y Sociales, Ciudad de México",Ciencias Sociales,"La demanda a primer ingreso en esta licenciatura en el ciclo 2023-2024 fue de 460. La asignación total de lugares para esta carrera fue de 150, por lo que de cada 3 estudiantes que demandaron la carrera, ingresó 1. El 61% del alumnado de primer ingreso son mujeres y 39% hombres.",Facultad de Ciencias Políticas y Sociales: 74,Facultad de Ciencias Políticas y Sociales: 7.76,Asignación total de 150 lugares,"Conocimientos de los elementos teóricos y metodológicos en Ciencias Sociales y de geografía e historia. Habilidades para comprender problemáticas sociales y relacionarse en contextos multiculturales. Interés por explorar fenómenos sociales y culturales, respeto por la diversidad.","La carrera de Antropología contribuye a la formación de profesionales con una perspectiva integral de la disciplina, con capacidad para generar conocimientos sobre las sociedades y culturas del presente y del pasado, con pensamiento crítico y humanista.","antropología, arqueología, antropología social, antropología física, lingüística antropológica, cultura, sociedad, diversidad","19,3158","-99,1805",
Arquitectura - Facultad de Arquitectura,"Facultad de Arquitectura, Ciudad de México",Ciencias Físico - Matemáticas y de las Ingenierías,"La demanda a primer ingreso en esta licenciatura en el ciclo 2023-2024 fue de 10,663. La asignación total de lugares para esta carrera fue de 1,795, por lo que de cada 6 estudiantes que demandaron la carrera, ingresó 1. El 52% del alumnado de primer ingreso son mujeres y 48% hombres.",Facultad de Arquitectura: 96,Facultad de Arquitectura: 8.34,"Asignación total de 1,795 lugares (conjunto todas las sedes)","Haber cursado el Área de las Ciencias Físico-Matemáticas en bachillerato. Conocimientos de computación e inglés. Capacidad de observación y percepción visual, habilidad para dibujar, análisis crítico y síntesis. Inclinación hacia la solución práctica de problemas.","El arquitecto proyecta y construye espacios habitables que satisfagan las necesidades humanas y, con base en sus conocimientos, genera los ambientes idóneos para lograr un modo de vivir más pleno y humano, que se traduce en desarrollo y bienestar.","arquitectura, diseño, construcción, urbanismo, proyecto arquitectónico, espacio habitable, edificación","19,3326","-99,1866",
Arquitectura - FES Acatlán,"FES Acatlán, Estado de México",Ciencias Físico - Matemáticas y de las Ingenierías,"La demanda a primer ingreso en esta licenciatura en el ciclo 2023-2024 fue de 10,663. La asignación total de lugares para esta carrera fue de 1,795, por lo que de cada 6 estudiantes que demandaron la carrera, ingresó 1. El 52% del alumnado de primer ingreso son mujeres y 48% hombres.",FES Acatlán: 77,FES Acatlán: 7.84,"Asignación total de 1,795 lugares (conjunto todas las sedes)","Haber cursado el Área de las Ciencias Físico-Matemáticas en bachillerato. Conocimientos de computación e inglés. Capacidad de observación y percepción visual, habilidad para dibujar, análisis crítico y síntesis. Inclinación hacia la solución práctica de problemas.","El arquitecto proyecta y construye espacios habitables que satisfagan las necesidades humanas y, con base en sus conocimientos, genera los ambientes idóneos para lograr un modo de vivir más pleno y humano, que se traduce en desarrollo y bienestar.","arquitectura, diseño, construcción, urbanismo, proyecto arquitectónico, espacio habitable, edificación","19,5135","-99,2484",
Arquitectura - FES Aragón,"FES Aragón, Estado de México",Ciencias Físico - Matemáticas y de las Ingenierías,"La demanda a primer ingreso en esta licenciatura en el ciclo 2023-2024 fue de 10,663. La asignación total de lugares para esta carrera fue de 1,795, por lo que de cada 6 estudiantes que demandaron la carrera, ingresó 1. El 52% del alumnado de primer ingreso son mujeres y 48% hombres.",FES Aragón: 82,FES Aragón: 8.00,"Asignación total de 1,795 lugares (conjunto todas las sedes)","Haber cursado el Área de las Ciencias Físico-Matemáticas en bachillerato. Conocimientos de computación e inglés. Capacidad de observación y percepción visual, habilidad para dibujar, análisis crítico y síntesis. Inclinación hacia la solución práctica de problemas.","El arquitecto proyecta y construye espacios habitables que satisfagan las necesidades humanas y, con base en sus conocimientos, genera los ambientes idóneos para lograr un modo de vivir más pleno y humano, que se traduce en desarrollo y bienestar.","arquitectura, diseño, construcción, urbanismo, proyecto arquitectónico, espacio habitable, edificación","19,4799","-99,0481",
Arquitectura de Paisaje - Facultad de Arquitectura,"Facultad de Arquitectura, Ciudad de México",Ciencias Físico - Matemáticas y de las Ingenierías,"La demanda a primer ingreso en esta licenciatura en el ciclo 2023-2024 fue de 437. La asignación total de lugares para esta carrera fue de 67, por lo que de cada 7 estudiantes que demandaron la carrera, ingresó 1. El 76% del alumnado de primer ingreso son mujeres y 24% hombres.",Facultad de Arquitectura: 87,Facultad de Arquitectura: 8.59,Asignación total de 67 lugares,"Haber cursado el Área de las Ciencias Físico-Matemáticas en bachillerato. Creatividad en resolución de problemas espaciales, capacidad para conceptualizar y comunicar gráficamente ideas, habilidad en dibujo, capacidad de observación del medio ambiente.","El Arquitecto Paisajista planifica, diseña, construye y maneja espacios abiertos como parte del sistema natural y humano, desde una perspectiva responsable, incluyente y significativa en lo ambiental, social y cultural.","arquitectura de paisaje, paisajismo, diseño de paisaje, espacios abiertos, medio ambiente, planificación territorial, jardines, parques","19,3326","-99,1866",
Arte y Diseño - FAD Taxco,"Facultad de Artes y Diseño, Taxco de Alarcón, Guerrero",Humanidades y de las Artes,"La demanda a primer ingreso en esta licenciatura en el ciclo 2023-2024 fue de 392. La asignación total de lugares para esta carrera fue de 120, por lo que de cada 3 estudiantes que demandaron la carrera, ingresó 1. El 60% del alumnado de primer ingreso son mujeres y 40% hombres.",FAD Taxco: 48,FAD Taxco: 7.49,Asignación total de 120 lugares (conjunto con ENES Morelia),"Haber cursado el Área de las Humanidades y de las Artes. Conocimientos básicos de inglés, interés por las TIC y manifestaciones artísticas. Habilidad para expresar con fluidez ideas de forma verbal y escrita, manejo de herramientas propias del arte y diseño, hábito de lectura e investigación.","En esta licenciatura se forman profesionales con capacidad crítica que conjugan conocimientos, habilidades y técnicas de vanguardia del arte y el diseño, usando herramientas tradicionales y digitales para propiciar la integración y transformación social.","arte, diseño, artes visuales, diseño gráfico, creatividad, comunicación visual, innovación, tecnología digital","18,5535","-99,6062",
Arte y Diseño - ENES Morelia,"ENES Unidad Morelia, Michoacán",Humanidades y de las Artes,"La demanda a primer ingreso en esta licenciatura en el ciclo 2023-2024 fue de 392. La asignación total de lugares para esta carrera fue de 120, por lo que de cada 3 estudiantes que demandaron la carrera, ingresó 1. El 60% del alumnado de primer ingreso son mujeres y 40% hombres.",ENES Morelia: 58,ENES Morelia: 7.43,Asignación total de 120 lugares (conjunto con FAD Taxco),"Haber cursado el Área de las Humanidades y de las Artes. Conocimientos básicos de inglés, interés por las TIC y manifestaciones artísticas. Habilidad para expresar con fluidez ideas de forma verbal y escrita, manejo de herramientas propias del arte y diseño, hábito de lectura e investigación.","En esta licenciatura se forman profesionales con capacidad crítica que conjugan conocimientos, habilidades y técnicas de vanguardia del arte y el diseño, usando herramientas tradicionales y digitales para propiciar la integración y transformación social.","arte, diseño, artes visuales, diseño gráfico, creatividad, comunicación visual, innovación, tecnología digital","19,649","-101,225",
Artes Visuales - FAD Taxco,"Facultad de Artes y Diseño, Taxco de Alarcón, Guerrero",Humanidades y de las Artes,"La demanda a primer ingreso en esta licenciatura en el ciclo 2023-2024 fue de 1,737. La asignación total de lugares para esta carrera fue de 162, por lo que de cada 11 estudiantes que demandaron la carrera, ingresó 1. El 69% del alumnado de primer ingreso son mujeres y 31% hombres.",FAD Taxco: 78,FAD Taxco: 8.00,Asignación total de 162 lugares (conjunto con FES Cuautitlán),Haber cursado el Área de Humanidades y Artes o conocimientos en Teoría del Arte. Habilidad en dibujo y creatividad. Capacidad de observación y percepción visual para manejar formas y colores. Interés por las expresiones culturales. Disciplina y disposición al trabajo en equipo.,"El profesional en Artes Visuales está preparado para producir obra plástica y visual significativa, mediante el dominio de los procesos técnicos, formales, conceptuales y metodológicos de las disciplinas que conforman este campo.","artes visuales, artes plásticas, pintura, escultura, grabado, fotografía, arte contemporáneo, creación artística","18,5535","-99,6062",
Artes Visuales - FES Cuautitlán,"FES Cuautitlán, Estado de México",Humanidades y de las Artes,"La demanda a primer ingreso en esta licenciatura en el ciclo 2023-2024 fue de 1,737. La asignación total de lugares para esta carrera fue de 162, por lo que de cada 11 estudiantes que demandaron la carrera, ingresó 1. El 69% del alumnado de primer ingreso son mujeres y 31% hombres.",FES Cuautitlán: 58,FES Cuautitlán: 7.62,Asignación total de 162 lugares (conjunto con FAD Taxco),Haber cursado el Área de Humanidades y Artes o conocimientos en Teoría del Arte. Habilidad en dibujo y creatividad. Capacidad de observación y percepción visual para manejar formas y colores. Interés por las expresiones culturales. Disciplina y disposición al trabajo en equipo.,"El profesional en Artes Visuales está preparado para producir obra plástica y visual significativa, mediante el dominio de los procesos técnicos, formales, conceptuales y metodológicos de las disciplinas que conforman este campo.","artes visuales, artes plásticas, pintura, escultura, grabado, fotografía, arte contemporáneo, creación artística","19,6856","-99,1822",
Bibliotecología y Estudios de la Información - FFyL,"Facultad de Filosofía y Letras, Ciudad de México",Humanidades y de las Artes,"La demanda a primer ingreso en esta licenciatura en el ciclo 2023-2024 fue de 206. La asignación total de lugares para esta carrera fue de 142, por lo que de cada 1 estudiante que demandó la carrera, ingresó 1. El 61% del alumnado de primer ingreso son mujeres y 39% hombres.",Facultad de Filosofía y Letras: 55,Facultad de Filosofía y Letras: 7.49,Asignación total de 142 lugares,"Conocimientos sobre los contextos sociales, económicos y culturales de México. Habilidades de comprensión lectora, comunicación escrita e interacción social. Compromiso social y disposición para trabajar en equipo.","El bibliotecólogo es el profesional que organiza, administra, preserva y difunde la información registrada en cualquier soporte, con el fin de satisfacer las necesidades de información de la sociedad.","bibliotecología, estudios de la información, bibliotecas, archivística, documentación, gestión de la información, organización del conocimiento","19,3349","-99,1879",
Biología - Facultad de Ciencias,"Facultad de Ciencias, Ciudad de México","Ciencias Biológicas, Químicas y de la Salud","La demanda a primer ingreso en esta licenciatura en el ciclo 2023-2024 fue de 9,428. La asignación total de lugares para esta carrera fue de 1,373, por lo que de cada 7 estudiantes que demandaron la carrera, ingresó 1. El 62% del alumnado de primer ingreso son mujeres y 38% hombres.",Facultad de Ciencias: 103,Facultad de Ciencias: 9.10,"Asignación total de 1,373 lugares (conjunto todas las sedes)","Haber cursado el Área de las Ciencias Biológicas, Químicas y de la Salud. Bases sólidas en biología, química, física y matemáticas. Gusto por la lectura, capacidad de análisis y síntesis. Interés por la naturaleza, los seres vivos y el trabajo de campo.","El biólogo estudia la estructura, función, evolución, distribución y relaciones de los seres vivos, desde el nivel molecular hasta el de la biosfera. Analiza la problemática ambiental y de los recursos naturales para su aprovechamiento racional y sustentable.","biología, seres vivos, ecología, evolución, biodiversidad, recursos naturales, sustentabilidad, investigación","19,3243","-99,1796",
Biología - FES Iztacala,"FES Iztacala, Estado de México","Ciencias Biológicas, Químicas y de la Salud","La demanda a primer ingreso en esta licenciatura en el ciclo 2023-2024 fue de 9,428. La asignación total de lugares para esta carrera fue de 1,373, por lo que de cada 7 estudiantes que demandaron la carrera, ingresó 1. El 62% del alumnado de primer ingreso son mujeres y 38% hombres.",FES Iztacala: 92,FES Iztacala: 8.64,"Asignación total de 1,373 lugares (conjunto todas las sedes)","Haber cursado el Área de las Ciencias Biológicas, Químicas y de la Salud. Bases sólidas en biología, química, física y matemáticas. Gusto por la lectura, capacidad de análisis y síntesis. Interés por la naturaleza, los seres vivos y el trabajo de campo.","El biólogo estudia la estructura, función, evolución, distribución y relaciones de los seres vivos, desde el nivel molecular hasta el de la biosfera. Analiza la problemática ambiental y de los recursos naturales para su aprovechamiento racional y sustentable.","biología, seres vivos, ecología, evolución, biodiversidad, recursos naturales, sustentabilidad, investigación","19,5207","-99,1898",
Biología - FES Zaragoza,"FES Zaragoza, Estado de México","Ciencias Biológicas, Químicas y de la Salud","La demanda a primer ingreso en esta licenciatura en el ciclo 2023-2024 fue de 9,428. La asignación total de lugares para esta carrera fue de 1,373, por lo que de cada 7 estudiantes que demandaron la carrera, ingresó 1. El 62% del alumnado de primer ingreso son mujeres y 38% hombres.",FES Zaragoza: 95,FES Zaragoza: 8.50,"Asignación total de 1,373 lugares (conjunto todas las sedes)","Haber cursado el Área de las Ciencias Biológicas, Químicas y de la Salud. Bases sólidas en biología, química, física y matemáticas. Gusto por la lectura, capacidad de análisis y síntesis. Interés por la naturaleza, los seres vivos y el trabajo de campo.","El biólogo estudia la estructura, función, evolución, distribución y relaciones de los seres vivos, desde el nivel molecular hasta el de la biosfera. Analiza la problemática ambiental y de los recursos naturales para su aprovechamiento racional y sustentable.","biología, seres vivos, ecología, evolución, biodiversidad, recursos naturales, sustentabilidad, investigación","19,3936","-99,0383",
Bioquímica Diagnóstica - Facultad de Ciencias,"Facultad de Ciencias, Ciudad de México","Ciencias Biológicas, Químicas y de la Salud","La demanda a primer ingreso en esta licenciatura en el ciclo 2023-2024 fue de 1,040. La asignación total de lugares para esta carrera fue de 122, por lo que de cada 9 estudiantes que demandaron la carrera, ingresó 1. El 65% del alumnado de primer ingreso son mujeres y 35% hombres.",Facultad de Ciencias: 97,Facultad de Ciencias: 8.88,Asignación total de 122 lugares,"Haber cursado el Área de las Ciencias Biológicas, Químicas y de la Salud. Sólidos conocimientos en biología, química, física y matemáticas. Habilidad para el trabajo en laboratorio, observación meticulosa y capacidad de análisis.","El Bioquímico Diagnóstico es el profesionista que aplica los conocimientos de la bioquímica, la biología molecular y la inmunología para realizar e interpretar análisis clínicos que contribuyan al diagnóstico, pronóstico y tratamiento de enfermedades.","bioquímica, diagnóstico, análisis clínicos, laboratorio, biología molecular, inmunología, salud, enfermedad","19,3243","-99,1796",
Ciencia de la Nutrición Humana - Facultad de Medicina,"Facultad de Medicina, Ciudad de México","Ciencias Biológicas, Químicas y de la Salud","La demanda a primer ingreso en esta licenciatura en el ciclo 2023-2024 fue de 2,595. La asignación total de lugares para esta carrera fue de 187, por lo que de cada 14 estudiantes que demandaron la carrera, ingresó 1. El 75% del alumnado de primer ingreso son mujeres y 25% hombres.",Facultad de Medicina: 104,Facultad de Medicina: 9.33,Asignación total de 187 lugares,"Haber cursado el Área de las Ciencias Biológicas, Químicas y de la Salud. Conocimientos de biología, química y matemáticas. Interés por la salud, la alimentación y el bienestar humano. Vocación de servicio y sensibilidad social.","El Licenciado en Ciencia de la Nutrición Humana es el profesional que estudia la relación entre la alimentación, los nutrimentos y la salud, para prevenir y tratar enfermedades, así como para promover estilos de vida saludables a nivel individual y colectivo.","nutrición, alimentación, salud, nutrimentos, dietética, salud pública, metabolismo, bienestar","19,3242","-99,1817",
Ciencia de Materiales Sustentables - ENES Morelia,"ENES Unidad Morelia, Michoacán",Ciencias Físico - Matemáticas y de las Ingenierías,"La demanda a primer ingreso en esta licenciatura en el ciclo 2023-2024 fue de 133. La asignación total de lugares para esta carrera fue de 52, por lo que de cada 3 estudiantes que demandaron la carrera, ingresó 1. El 35% del alumnado de primer ingreso son mujeres y 65% hombres.",ENES Unidad Morelia: 70,ENES Unidad Morelia: 7.98,Información no disponible,"Haber cursado el Área de las Ciencias Físico-Matemáticas o Químico-Biológicas. Conocimientos de matemáticas, física y química. Interés por la ciencia, la tecnología y la innovación. Vocación por la sustentabilidad y el cuidado del medio ambiente.","La licenciatura forma profesionales capaces de desarrollar, caracterizar y aplicar materiales con un enfoque sustentable, considerando su ciclo de vida completo y minimizando su impacto ambiental.","ciencia de materiales, sustentabilidad, materiales sustentables, ingeniería de materiales, innovación, medio ambiente","19,649","-101,225",
Ciencia Forense - Facultad de Medicina,"Facultad de Medicina, Ciudad de México","Ciencias Biológicas, Químicas y de la Salud","La demanda a primer ingreso en esta licenciatura en el ciclo 2023-2024 fue de 4,530. La asignación total de lugares para esta carrera fue de 179, por lo que de cada 25 estudiantes que demandaron la carrera, ingresó 1. El 65% del alumnado de primer ingreso son mujeres y 35% hombres.",Facultad de Medicina: 113,Facultad de Medicina: 9.41,Asignación total de 179 lugares,"Haber cursado el Área de las Ciencias Biológicas, Químicas y de la Salud o Físico-Matemáticas. Sólidos conocimientos en ciencias naturales, biología y química. Capacidad de observación, análisis lógico-deductivo y ética profesional.","El científico forense es el experto que aplica los conocimientos científicos y técnicos de diversas disciplinas para la investigación de hechos delictivos, aportando pruebas periciales que coadyuvan en la procuración y administración de justicia.","ciencia forense, criminalística, investigación criminal, peritaje, justicia, evidencia, laboratorio forense","19,3242","-99,1817",
Ciencias Agroforestales - ENES Morelia,"ENES Unidad Morelia, Michoacán","Ciencias Biológicas, Químicas y de la Salud","La demanda a primer ingreso en esta licenciatura en el ciclo 2023-2024 fue de 84. La asignación total de lugares para esta carrera fue de 50, por lo que de cada 2 estudiantes que demandaron la carrera, ingresó 1. El 44% del alumnado de primer ingreso son mujeres y 56% hombres.",ENES Unidad Morelia: 45,ENES Unidad Morelia: 7.50,Información no disponible,"Haber cursado el Área de las Ciencias Biológicas, Químicas y de la Salud o Físico-Matemáticas. Conocimientos de biología, química y matemáticas. Interés por el campo, los recursos forestales y agropecuarios, y la sustentabilidad.","El licenciado en Ciencias Agroforestales integra conocimientos de agricultura, ganadería y forestería para el manejo sustentable de sistemas productivos, considerando aspectos ecológicos, económicos y sociales para mejorar la calidad de vida rural.","agroforestería, agricultura, forestería, ganadería, manejo de recursos naturales, desarrollo rural, sustentabilidad","19,649","-101,225",
Ciencias Agrogenómicas - ENES León,"ENES Unidad León, Guanajuato","Ciencias Biológicas, Químicas y de la Salud","La demanda a primer ingreso en esta licenciatura en el ciclo 2023-2024 fue de 58. La asignación total de lugares para esta carrera fue de 41, por lo que de cada 1 estudiante que demandó la carrera, ingresó 1. El 66% del alumnado de primer ingreso son mujeres y 34% hombres.",ENES Unidad León: 45,ENES Unidad León: 7.50,Información no disponible,"Haber cursado el Área de las Ciencias Biológicas, Químicas y de la Salud. Sólidos conocimientos en biología, química y genética. Interés por la investigación genómica aplicada al mejoramiento de cultivos y la producción agrícola.","La licenciatura forma profesionales que aplican el conocimiento de la genómica y la biotecnología para resolver problemas del sector agropecuario, desarrollando variedades mejoradas de plantas y microorganismos que optimicen la producción de alimentos.","genómica, agricultura, biotecnología, mejoramiento genético, cultivos, agrobiotecnología, investigación agrícola","21,0382","-101,6589",
Ciencias Ambientales - ENES Morelia,"ENES Unidad Morelia, Michoacán","Ciencias Biológicas, Químicas y de la Salud","La demanda a primer ingreso en esta licenciatura en el ciclo 2023-2024 fue de 421. La asignación total de lugares para esta carrera fue de 111, por lo que de cada 4 estudiantes que demandaron la carrera, ingresó 1. El 56% del alumnado de primer ingreso son mujeres y 44% hombres.",ENES Unidad Morelia: 69,ENES Unidad Morelia: 7.96,Asignación total de 111 lugares,"Haber cursado el Área de las Ciencias Biológicas, Químicas y de la Salud o Físico-Matemáticas. Interés por la problemática ambiental, los ecosistemas y la sustentabilidad. Capacidad de análisis y síntesis, gusto por el trabajo de campo y vocación social.","El licenciado en Ciencias Ambientales analiza la problemática ambiental desde una perspectiva interdisciplinaria, integrando las ciencias naturales y sociales para proponer soluciones que promuevan el manejo sustentable de los recursos naturales.","ciencias ambientales, medio ambiente, ecología, sustentabilidad, recursos naturales, gestión ambiental, impacto ambiental","19,649","-101,225",
Ciencia de Datos - ENES León,"ENES Unidad León, Guanajuato",Ciencias Físico - Matemáticas y de las Ingenierías,"La demanda a primer ingreso en esta licenciatura en el ciclo 2023-2024 fue de 412. La asignación total de lugares para esta carrera fue de 78, por lo que de cada 5 estudiantes que demandaron la carrera, ingresó 1. El 33% del alumnado de primer ingreso son mujeres y 67% hombres.",ENES Unidad León: 85,ENES Unidad León: 8.36,Información no disponible,"Haber cursado el Área de las Ciencias Físico-Matemáticas. Sólidos conocimientos de matemáticas, estadística y computación. Habilidad para el razonamiento lógico, la resolución de problemas y el manejo de grandes volúmenes de información.","El licenciado en Ciencia de Datos es un profesional que utiliza métodos científicos, algoritmos y sistemas para extraer conocimiento y perspectivas de datos estructurados y no estructurados, apoyando la toma de decisiones en organizaciones.","ciencia de datos, big data, estadística, matemáticas aplicadas, programación, inteligencia artificial, machine learning, análisis de datos","21,0382","-101,6589",
Ciencias de la Computación - Facultad de Ciencias,"Facultad de Ciencias, Ciudad de México",Ciencias Físico - Matemáticas y de las Ingenierías,"La demanda a primer ingreso en esta licenciatura en el ciclo 2023-2024 fue de 2,905. La asignación total de lugares para esta carrera fue de 304, por lo que de cada 10 estudiantes que demandaron la carrera, ingresó 1. El 25% del alumnado de primer ingreso son mujeres y 75% hombres.",Facultad de Ciencias: 104,Facultad de Ciencias: 8.85,Asignación total de 304 lugares,"Haber cursado el Área de las Ciencias Físico-Matemáticas. Conocimientos sólidos en matemáticas y lógica. Gusto por la tecnología, la programación y la resolución de problemas abstractos. Capacidad de análisis y síntesis.","El Licenciado en Ciencias de la Computación es el profesional que estudia los fundamentos teóricos de la información y la computación, y su aplicación en sistemas computacionales para resolver problemas de diversas disciplinas.","computación, ciencias de la computación, programación, algoritmos, inteligencia artificial, teoría de la computación, software, sistemas","19,3243","-99,1796",
Ciencias de la Comunicación - FCPyS,"Facultad de Ciencias Políticas y Sociales, Ciudad de México",Ciencias Sociales,"La demanda a primer ingreso en esta licenciatura en el ciclo 2023-2024 fue de 9,839. La asignación total de lugares para esta carrera fue de 1,426, por lo que de cada 7 estudiantes que demandaron la carrera, ingresó 1. El 58% del alumnado de primer ingreso son mujeres y 42% hombres.",FCPyS: 80,FCPyS: 8.00,"Asignación total de 1,426 lugares (conjunto todas las sedes)","Haber cursado el Área de las Ciencias Sociales o Humanidades y Artes. Habilidad para la expresión oral y escrita. Interés por los medios de comunicación, la cultura, la política y los fenómenos sociales. Capacidad crítica y analítica.","El comunicólogo estudia los procesos de comunicación humana en sus diversos niveles y modalidades. Analiza, produce y evalúa mensajes para medios masivos y organizacionales, comprendiendo el impacto social de los mismos.","comunicación, medios de comunicación, periodismo, comunicación organizacional, publicidad, propaganda, medios digitales","19,3158","-99,1805",
Ciencias de la Comunicación - FES Acatlán,"FES Acatlán, Estado de México",Ciencias Sociales,"La demanda a primer ingreso en esta licenciatura en el ciclo 2023-2024 fue de 9,839. La asignación total de lugares para esta carrera fue de 1,426, por lo que de cada 7 estudiantes que demandaron la carrera, ingresó 1. El 58% del alumnado de primer ingreso son mujeres y 42% hombres.",FES Acatlán: 71,FES Acatlán: 7.86,"Asignación total de 1,426 lugares (conjunto todas las sedes)","Haber cursado el Área de las Ciencias Sociales o Humanidades y Artes. Habilidad para la expresión oral y escrita. Interés por los medios de comunicación, la cultura, la política y los fenómenos sociales. Capacidad crítica y analítica.","El comunicólogo estudia los procesos de comunicación humana en sus diversos niveles y modalidades. Analiza, produce y evalúa mensajes para medios masivos y organizacionales, comprendiendo el impacto social de los mismos.","comunicación, medios de comunicación, periodismo, comunicación organizacional, publicidad, propaganda, medios digitales","19,5135","-99,2484",
Ciencias de la Comunicación - FES Aragón,"FES Aragón, Estado de México",Ciencias Sociales,"La demanda a primer ingreso en esta licenciatura en el ciclo 2023-2024 fue de 9,839. La asignación total de lugares para esta carrera fue de 1,426, por lo que de cada 7 estudiantes que demandaron la carrera, ingresó 1. El 58% del alumnado de primer ingreso son mujeres y 42% hombres.",FES Aragón: 73,FES Aragón: 7.86,"Asignación total de 1,426 lugares (conjunto todas las sedes)","Haber cursado el Área de las Ciencias Sociales o Humanidades y Artes. Habilidad para la expresión oral y escrita. Interés por los medios de comunicación, la cultura, la política y los fenómenos sociales. Capacidad crítica y analítica.","El comunicólogo estudia los procesos de comunicación humana en sus diversos niveles y modalidades. Analiza, produce y evalúa mensajes para medios masivos y organizacionales, comprendiendo el impacto social de los mismos.","comunicación, medios de comunicación, periodismo, comunicación organizacional, publicidad, propaganda, medios digitales","19,4799","-99,0481",
Ciencias de la Tierra - Facultad de Ciencias,"Facultad de Ciencias, Ciudad de México",Ciencias Físico - Matemáticas y de las Ingenierías,"La demanda a primer ingreso en esta licenciatura en el ciclo 2023-2024 fue de 363. La asignación total de lugares para esta carrera fue de 126, por lo que de cada 3 estudiantes que demandaron la carrera, ingresó 1. El 58% del alumnado de primer ingreso son mujeres y 42% hombres.",Facultad de Ciencias: 69,Facultad de Ciencias: 8.20,Asignación total de 126 lugares (conjunto con ENES Juriquilla),"Haber cursado el Área de las Ciencias Físico-Matemáticas o Químico-Biológicas. Interés por el estudio del planeta, los fenómenos naturales, los recursos terrestres y el medio ambiente. Gusto por el trabajo de campo y de laboratorio.","El licenciado en Ciencias de la Tierra estudia el origen, evolución, estructura y dinámica del planeta, así como los procesos que lo modelan, para contribuir al conocimiento, exploración y aprovechamiento sustentable de los recursos terrestres.","ciencias de la tierra, geología, geofísica, sismología, vulcanología, recursos naturales, medio ambiente, ciencias espaciales","19,3243","-99,1796",
Ciencias de la Tierra - ENES Juriquilla,"ENES Unidad Juriquilla, Querétaro",Ciencias Físico - Matemáticas y de las Ingenierías,"La demanda a primer ingreso en esta licenciatura en el ciclo 2023-2024 fue de 363. La asignación total de lugares para esta carrera fue de 126, por lo que de cada 3 estudiantes que demandaron la carrera, ingresó 1. El 58% del alumnado de primer ingreso son mujeres y 42% hombres.",ENES Juriquilla: 68,ENES Juriquilla: 7.60,Asignación total de 126 lugares (conjunto con Facultad de Ciencias),"Haber cursado el Área de las Ciencias Físico-Matemáticas o Químico-Biológicas. Interés por el estudio del planeta, los fenómenos naturales, los recursos terrestres y el medio ambiente. Gusto por el trabajo de campo y de laboratorio.","El licenciado en Ciencias de la Tierra estudia el origen, evolución, estructura y dinámica del planeta, así como los procesos que lo modelan, para contribuir al conocimiento, exploración y aprovechamiento sustentable de los recursos terrestres.","ciencias de la tierra, geología, geofísica, sismología, vulcanología, recursos naturales, medio ambiente, ciencias espaciales","20,7033","-100,4487",
Ciencias Genómicas - ENES Juriquilla,"ENES Unidad Juriquilla, Querétaro","Ciencias Biológicas, Químicas y de la Salud","La demanda a primer ingreso en esta licenciatura en el ciclo 2023-2024 fue de 565. La asignación total de lugares para esta carrera fue de 111, por lo que de cada 5 estudiantes que demandaron la carrera, ingresó 1. El 51% del alumnado de primer ingreso son mujeres y 49% hombres.",ENES Unidad Juriquilla: 95,ENES Unidad Juriquilla: 8.80,Asignación total de 111 lugares,"Haber cursado el Área de las Ciencias Biológicas, Químicas y de la Salud o Físico-Matemáticas. Sólidos conocimientos en biología, química y matemáticas. Interés por la genética, la biología molecular y la bioinformática.",La Licenciatura en Ciencias Genómicas forma profesionales capaces de generar y analizar información genómica a gran escala mediante herramientas computacionales y matemáticas para entender los sistemas biológicos.,"genómica, bioinformática, biología molecular, genética, secuenciación, biotecnología, ciencias ómicas","20,7033","-100,4487",
Ciencias Políticas y Administración Pública - FCPyS,"Facultad de Ciencias Políticas y Sociales, Ciudad de México",Ciencias Sociales,"La demanda a primer ingreso en esta licenciatura en el ciclo 2023-2024 fue de 10,049. La asignación total de lugares para esta carrera fue de 1,534, por lo que de cada 7 estudiantes que demandaron la carrera, ingresó 1. El 56% del alumnado de primer ingreso son mujeres y 44% hombres.",FCPyS: 85,FCPyS: 8.20,"Asignación total de 1,534 lugares (conjunto todas las sedes)","Haber cursado el Área de las Ciencias Sociales. Interés por la política, el gobierno, la administración pública y los problemas nacionales e internacionales. Capacidad de análisis crítico, argumentación y debate.","El politólogo y administrador público analiza el poder, el Estado, el gobierno y las políticas públicas. Está capacitado para participar en la gestión gubernamental, el análisis político y la consultoría en el sector público y privado.","ciencia política, administración pública, gobierno, políticas públicas, estado, relaciones de poder, gestión pública, análisis político","19,3158","-99,1805",
Ciencias Políticas y Administración Pública - FES Acatlán,"FES Acatlán, Estado de México",Ciencias Sociales,"La demanda a primer ingreso en esta licenciatura en el ciclo 2023-2024 fue de 10,049. La asignación total de lugares para esta carrera fue de 1,534, por lo que de cada 7 estudiantes que demandaron la carrera, ingresó 1. El 56% del alumnado de primer ingreso son mujeres y 44% hombres.",FES Acatlán: 74,FES Acatlán: 7.95,"Asignación total de 1,534 lugares (conjunto todas las sedes)","Haber cursado el Área de las Ciencias Sociales. Interés por la política, el gobierno, la administración pública y los problemas nacionales e internacionales. Capacidad de análisis crítico, argumentación y debate.","El politólogo y administrador público analiza el poder, el Estado, el gobierno y las políticas públicas. Está capacitado para participar en la gestión gubernamental, el análisis político y la consultoría en el sector público y privado.","ciencia política, administración pública, gobierno, políticas públicas, estado, relaciones de poder, gestión pública, análisis político","19,5135","-99,2484",
Ciencias Políticas y Administración Pública - FES Aragón,"FES Aragón, Estado de México",Ciencias Sociales,"La demanda a primer ingreso en esta licenciatura en el ciclo 2023-2024 fue de 10,049. La asignación total de lugares para esta carrera fue de 1,534, por lo que de cada 7 estudiantes que demandaron la carrera, ingresó 1. El 56% del alumnado de primer ingreso son mujeres y 44% hombres.",FES Aragón: 75,FES Aragón: 7.93,"Asignación total de 1,534 lugares (conjunto todas las sedes)","Haber cursado el Área de las Ciencias Sociales. Interés por la política, el gobierno, la administración pública y los problemas nacionales e internacionales. Capacidad de análisis crítico, argumentación y debate.","El politólogo y administrador público analiza el poder, el Estado, el gobierno y las políticas públicas. Está capacitado para participar en la gestión gubernamental, el análisis político y la consultoría en el sector público y privado.","ciencia política, administración pública, gobierno, políticas públicas, estado, relaciones de poder, gestión pública, análisis político","19,4799","-99,0481",
Cinematografía - ENAC,"Escuela Nacional de Artes Cinematográficas, Ciudad de México",Humanidades y de las Artes,"La demanda a primer ingreso en esta licenciatura en el ciclo 2023-2024 fue de 1,084. La asignación total de lugares para esta carrera fue de 112, por lo que de cada 10 estudiantes que demandaron la carrera, ingresó 1. El 46% del alumnado de primer ingreso son mujeres y 54% hombres.",ENAC: 85,ENAC: Sin registro,Asignación total de 112 lugares,"Haber cursado el Área de las Humanidades y Artes. Creatividad, sensibilidad artística y cultura general amplia. Interés por el cine, la narrativa audiovisual y las artes visuales. Capacidad de trabajo en equipo.","El cineasta es un profesional con una formación integral en las áreas de realización, producción, guionismo, fotografía, sonido y montaje cinematográfico, preparado para crear obras audiovisuales con calidad artística y técnica.","cinematografía, cine, dirección cinematográfica, producción audiovisual, guionismo, fotografía cinematográfica, montaje, sonido","19,3191","-99,1843",
Cirujano Dentista - Facultad de Odontología,"Facultad de Odontología, Ciudad de México","Ciencias Biológicas, Químicas y de la Salud","La demanda a primer ingreso en esta licenciatura en el ciclo 2023-2024 fue de 10,632. La asignación total de lugares para esta carrera fue de 1,313, por lo que de cada 8 estudiantes que demandaron la carrera, ingresó 1. El 68% del alumnado de primer ingreso son mujeres y 32% hombres.",Facultad de Odontología: 93,Facultad de Odontología: 8.72,"Asignación total de 1,313 lugares (conjunto todas las sedes)","Haber cursado el Área de las Ciencias Biológicas, Químicas y de la Salud. Conocimientos de biología, química y anatomía. Habilidad manual y psicomotricidad fina. Vocación de servicio y ética profesional.","El Cirujano Dentista es el profesional que previene, diagnostica y trata las enfermedades del sistema estomatognático, restaurando la salud bucal de los pacientes y promoviendo la prevención en la comunidad.","odontología, cirujano dentista, salud bucal, estomatología, dientes, ortodoncia, periodoncia, endodoncia","19,3314","-99,1881",
Cirujano Dentista - FES Iztacala,"FES Iztacala, Estado de México","Ciencias Biológicas, Químicas y de la Salud","La demanda a primer ingreso en esta licenciatura en el ciclo 2023-2024 fue de 10,632. La asignación total de lugares para esta carrera fue de 1,313, por lo que de cada 8 estudiantes que demandaron la carrera, ingresó 1. El 68% del alumnado de primer ingreso son mujeres y 32% hombres.",FES Iztacala: 89,FES Iztacala: 8.49,"Asignación total de 1,313 lugares (conjunto todas las sedes)","Haber cursado el Área de las Ciencias Biológicas, Químicas y de la Salud. Conocimientos de biología, química y anatomía. Habilidad manual y psicomotricidad fina. Vocación de servicio y ética profesional.","El Cirujano Dentista es el profesional que previene, diagnostica y trata las enfermedades del sistema estomatognático, restaurando la salud bucal de los pacientes y promoviendo la prevención en la comunidad.","odontología, cirujano dentista, salud bucal, estomatología, dientes, ortodoncia, periodoncia, endodoncia","19,5207","-99,1898",
Cirujano Dentista - FES Zaragoza,"FES Zaragoza, Estado de México","Ciencias Biológicas, Químicas y de la Salud","La demanda a primer ingreso en esta licenciatura en el ciclo 2023-2024 fue de 10,632. La asignación total de lugares para esta carrera fue de 1,313, por lo que de cada 8 estudiantes que demandaron la carrera, ingresó 1. El 68% del alumnado de primer ingreso son mujeres y 32% hombres.",FES Zaragoza: 90,FES Zaragoza: 8.61,"Asignación total de 1,313 lugares (conjunto todas las sedes)","Haber cursado el Área de las Ciencias Biológicas, Químicas y de la Salud. Conocimientos de biología, química y anatomía. Habilidad manual y psicomotricidad fina. Vocación de servicio y ética profesional.","El Cirujano Dentista es el profesional que previene, diagnostica y trata las enfermedades del sistema estomatognático, restaurando la salud bucal de los pacientes y promoviendo la prevención en la comunidad.","odontología, cirujano dentista, salud bucal, estomatología, dientes, ortodoncia, periodoncia, endodoncia","19,3936","-99,0383",
Cirujano Dentista - ENES León,"ENES Unidad León, Guanajuato","Ciencias Biológicas, Químicas y de la Salud","La demanda a primer ingreso en esta licenciatura en el ciclo 2023-2024 fue de 10,632. La asignación total de lugares para esta carrera fue de 1,313, por lo que de cada 8 estudiantes que demandaron la carrera, ingresó 1. El 68% del alumnado de primer ingreso son mujeres y 32% hombres.",ENES León: 85,ENES León: 8.40,"Asignación total de 1,313 lugares (conjunto todas las sedes)","Haber cursado el Área de las Ciencias Biológicas, Químicas y de la Salud. Conocimientos de biología, química y anatomía. Habilidad manual y psicomotricidad fina. Vocación de servicio y ética profesional.","El Cirujano Dentista es el profesional que previene, diagnostica y trata las enfermedades del sistema estomatognático, restaurando la salud bucal de los pacientes y promoviendo la prevención en la comunidad.","odontología, cirujano dentista, salud bucal, estomatología, dientes, ortodoncia, periodoncia, endodoncia","21,0382","-101,6589",
Comunicación - FES Acatlán,"FES Acatlán, Estado de México",Ciencias Sociales,"La demanda a primer ingreso en esta licenciatura en el ciclo 2023-2024 fue de 5,423. La asignación total de lugares para esta carrera fue de 630, por lo que de cada 9 estudiantes que demandaron la carrera, ingresó 1. El 58% del alumnado de primer ingreso son mujeres y 42% hombres.",FES Acatlán: 71,FES Acatlán: 7.86,Asignación total de 630 lugares,"Haber cursado el Área de las Ciencias Sociales o Humanidades y Artes. Habilidad para la expresión oral y escrita. Interés por los medios de comunicación, la cultura y los fenómenos sociales. Capacidad crítica y analítica.","El comunicólogo estudia los procesos de comunicación humana en sus diversos niveles y modalidades. Analiza, produce y evalúa mensajes para medios masivos y organizacionales, comprendiendo el impacto social de los mismos.","comunicación, medios, periodismo, comunicación organizacional, publicidad, medios digitales","19,5135","-99,2484",
Comunicación y Periodismo - FES Aragón,"FES Aragón, Estado de México",Ciencias Sociales,"La demanda a primer ingreso en esta licenciatura en el ciclo 2023-2024 fue de 2,924. La asignación total de lugares para esta carrera fue de 380, por lo que de cada 8 estudiantes que demandaron la carrera, ingresó 1. El 54% del alumnado de primer ingreso son mujeres y 46% hombres.",FES Aragón: 71,FES Aragón: 7.80,Asignación total de 380 lugares,"Haber cursado el Área de las Ciencias Sociales o Humanidades y Artes. Interés por el periodismo, los géneros periodísticos y la investigación. Habilidad para la redacción y la expresión oral. Ética profesional y vocación por la verdad.","El licenciado en Comunicación y Periodismo está formado para investigar, redactar, editar y difundir información de interés público a través de diversos medios, con un sentido ético y de responsabilidad social.","periodismo, comunicación, reporterismo, géneros periodísticos, medios informativos, investigación periodística, ética periodística","19,4799","-99,0481",
Contaduría - FCA Escolarizada,"Facultad de Contaduría y Administración, Ciudad de México",Ciencias Sociales,"La demanda a primer ingreso en esta licenciatura en el ciclo 2023-2024 fue de 9,158. La asignación total de lugares para esta carrera fue de 2,058, por lo que de cada 4 estudiantes que demandaron la carrera, ingresó 1. El 54% del alumnado de primer ingreso son mujeres y 46% hombres.",FCA Escolarizada: 78,FCA Escolarizada: 7.56,"Asignación total de 2,058 lugares (conjunto todas las sedes)","Bases matemáticas, lectura y redacción. Gusto por el análisis financiero, los números y la sistematización de información. Ética, responsabilidad y honestidad. Capacidad de análisis y síntesis.","El Contador Público es el profesional que genera, analiza e interpreta información financiera para la toma de decisiones en las organizaciones, cumpliendo con las disposiciones fiscales y legales vigentes.","contaduría, contabilidad, finanzas, auditoría, impuestos, estados financieros, costos, fiscal","19,3285","-99,1882",
Contaduría - FCA Abierta,"Facultad de Contaduría y Administración (Sistema Abierto), Ciudad de México",Ciencias Sociales,"La demanda a primer ingreso en esta licenciatura en el ciclo 2023-2024 fue de 9,158. La asignación total de lugares para esta carrera fue de 2,058, por lo que de cada 4 estudiantes que demandaron la carrera, ingresó 1. El 54% del alumnado de primer ingreso son mujeres y 46% hombres.",FCA Abierta: 63,FCA Abierta: 7.01,"Asignación total de 2,058 lugares (conjunto todas las sedes)","Bases matemáticas, lectura y redacción. Gusto por el análisis financiero, los números y la sistematización de información. Ética, responsabilidad y honestidad. Capacidad de análisis y síntesis.","El Contador Público es el profesional que genera, analiza e interpreta información financiera para la toma de decisiones en las organizaciones, cumpliendo con las disposiciones fiscales y legales vigentes.","contaduría, contabilidad, finanzas, auditoría, impuestos, estados financieros, costos, fiscal","19,3285","-99,1882",
Contaduría - FCA a Distancia,"Facultad de Contaduría y Administración (Modalidad a Distancia), Ciudad de México",Ciencias Sociales,"La demanda a primer ingreso en esta licenciatura en el ciclo 2023-2024 fue de 9,158. La asignación total de lugares para esta carrera fue de 2,058, por lo que de cada 4 estudiantes que demandaron la carrera, ingresó 1. El 54% del alumnado de primer ingreso son mujeres y 46% hombres.",FCA a Distancia: 71,FCA a Distancia: 7.77,"Asignación total de 2,058 lugares (conjunto todas las sedes)","Bases matemáticas, lectura y redacción. Gusto por el análisis financiero, los números y la sistematización de información. Ética, responsabilidad y honestidad. Capacidad de análisis y síntesis.","El Contador Público es el profesional que genera, analiza e interpreta información financiera para la toma de decisiones en las organizaciones, cumpliendo con las disposiciones fiscales y legales vigentes.","contaduría, contabilidad, finanzas, auditoría, impuestos, estados financieros, costos, fiscal","19,3285","-99,1882",
Contaduría - FES Cuautitlán,"FES Cuautitlán, Estado de México",Ciencias Sociales,"La demanda a primer ingreso en esta licenciatura en el ciclo 2023-2024 fue de 9,158. La asignación total de lugares para esta carrera fue de 2,058, por lo que de cada 4 estudiantes que demandaron la carrera, ingresó 1. El 54% del alumnado de primer ingreso son mujeres y 46% hombres.",FES Cuautitlán: 56,FES Cuautitlán: 7.24,"Asignación total de 2,058 lugares (conjunto todas las sedes)","Bases matemáticas, lectura y redacción. Gusto por el análisis financiero, los números y la sistematización de información. Ética, responsabilidad y honestidad. Capacidad de análisis y síntesis.","El Contador Público es el profesional que genera, analiza e interpreta información financiera para la toma de decisiones en las organizaciones, cumpliendo con las disposiciones fiscales y legales vigentes.","contaduría, contabilidad, finanzas, auditoría, impuestos, estados financieros, costos, fiscal","19,6856","-99,1822",
Derecho - Facultad de Derecho,"Facultad de Derecho, Ciudad de México",Ciencias Sociales,"La demanda a primer ingreso en esta licenciatura en el ciclo 2023-2024 fue de 25,353. La asignación total de lugares para esta carrera fue de 3,243, por lo que de cada 8 estudiantes que demandaron la carrera, ingresó 1. El 56% del alumnado de primer ingreso son mujeres y 44% hombres.",Facultad de Derecho: 87,Facultad de Derecho: 7.96,"Asignación total de 3,243 lugares (conjunto todas las sedes)","Haber cursado el Área de las Ciencias Sociales o Humanidades. Habilidad para la expresión oral y escrita. Capacidad de análisis, argumentación y debate. Interés por la justicia, el orden social y las leyes. Ética y vocación de servicio.","El abogado es el profesional que conoce, interpreta y aplica el derecho para la defensa de los intereses de las personas, la resolución de conflictos y el mantenimiento del orden jurídico en la sociedad.","derecho, leyes, abogacía, justicia, jurisprudencia, litigio, derecho penal, derecho civil, derecho constitucional","19,3312","-99,1884",
Derecho - FES Acatlán,"FES Acatlán, Estado de México",Ciencias Sociales,"La demanda a primer ingreso en esta licenciatura en el ciclo 2023-2024 fue de 25,353. La asignación total de lugares para esta carrera fue de 3,243, por lo que de cada 8 estudiantes que demandaron la carrera, ingresó 1. El 56% del alumnado de primer ingreso son mujeres y 44% hombres.",FES Acatlán: 74,FES Acatlán: 7.69,"Asignación total de 3,243 lugares (conjunto todas las sedes)","Haber cursado el Área de las Ciencias Sociales o Humanidades. Habilidad para la expresión oral y escrita. Capacidad de análisis, argumentación y debate. Interés por la justicia, el orden social y las leyes. Ética y vocación de servicio.","El abogado es el profesional que conoce, interpreta y aplica el derecho para la defensa de los intereses de las personas, la resolución de conflictos y el mantenimiento del orden jurídico en la sociedad.","derecho, leyes, abogacía, justicia, jurisprudencia, litigio, derecho penal, derecho civil, derecho constitucional","19,5135","-99,2484",
Derecho - FES Aragón,"FES Aragón, Estado de México",Ciencias Sociales,"La demanda a primer ingreso en esta licenciatura en el ciclo 2023-2024 fue de 25,353. La asignación total de lugares para esta carrera fue de 3,243, por lo que de cada 8 estudiantes que demandaron la carrera, ingresó 1. El 56% del alumnado de primer ingreso son mujeres y 44% hombres.",FES Aragón: 74,FES Aragón: 7.64,"Asignación total de 3,243 lugares (conjunto todas las sedes)","Haber cursado el Área de las Ciencias Sociales o Humanidades. Habilidad para la expresión oral y escrita. Capacidad de análisis, argumentación y debate. Interés por la justicia, el orden social y las leyes. Ética y vocación de servicio.","El abogado es el profesional que conoce, interpreta y aplica el derecho para la defensa de los intereses de las personas, la resolución de conflictos y el mantenimiento del orden jurídico en la sociedad.","derecho, leyes, abogacía, justicia, jurisprudencia, litigio, derecho penal, derecho civil, derecho constitucional","19,4799","-99,0481",
Desarrollo Comunitario para el Envejecimiento - FES Zaragoza,"FES Zaragoza, Estado de México",Ciencias Sociales,"La demanda a primer ingreso en esta licenciatura en el ciclo 2023-2024 fue de 277. La asignación total de lugares para esta carrera fue de 58, por lo que de cada 5 estudiantes que demandaron la carrera, ingresó 1. El 78% del alumnado de primer ingreso son mujeres y 22% hombres.",FES Zaragoza: 61,FES Zaragoza: 7.30,Asignación total de 58 lugares,"Haber cursado el Área de las Ciencias Biológicas, Químicas y de la Salud o Ciencias Sociales. Interés por el adulto mayor, el envejecimiento y el desarrollo comunitario. Vocación de servicio, empatía y sensibilidad social.","Esta licenciatura forma profesionales capaces de diseñar, implementar y evaluar programas y políticas de desarrollo comunitario orientados a mejorar la calidad de vida de las personas adultas mayores.","gerontología, envejecimiento, adulto mayor, desarrollo comunitario, calidad de vida, políticas públicas, trabajo social","19,3936","-99,0383",
Desarrollo Territorial - FES Acatlán,"FES Acatlán, Estado de México",Ciencias Sociales,"La demanda a primer ingreso en esta licenciatura en el ciclo 2023-2024 fue de 358. La asignación total de lugares para esta carrera fue de 68, por lo que de cada 5 estudiantes que demandaron la carrera, ingresó 1. El 51% del alumnado de primer ingreso son mujeres y 49% hombres.",FES Acatlán: 62,FES Acatlán: 7.44,Asignación total de 68 lugares,"Haber cursado el Área de las Ciencias Sociales. Interés por la planeación urbana y regional, el desarrollo sustentable y las políticas públicas. Capacidad de análisis espacial y manejo de información geográfica.","El licenciado en Desarrollo Territorial analiza, planea y gestiona el territorio desde una perspectiva multidisciplinaria para promover un desarrollo regional equilibrado, sustentable y socialmente incluyente.","desarrollo territorial, planeación regional, urbanismo, geografía económica, desarrollo sustentable, políticas territoriales, ordenamiento territorial","19,5135","-99,2484",
Desarrollo y Gestión Interculturales - FFyL,"Facultad de Filosofía y Letras, Ciudad de México",Humanidades y de las Artes,"La demanda a primer ingreso en esta licenciatura en el ciclo 2023-2024 fue de 276. La asignación total de lugares para esta carrera fue de 85, por lo que de cada 3 estudiantes que demandaron la carrera, ingresó 1. El 62% del alumnado de primer ingreso son mujeres y 38% hombres.",Facultad de Filosofía y Letras: 69,Facultad de Filosofía y Letras: 7.75,Asignación total de 85 lugares,"Haber cursado el Área de las Humanidades y Artes o Ciencias Sociales. Interés por la diversidad cultural, el diálogo intercultural y la gestión cultural. Sensibilidad social y capacidad de mediación.","El licenciado en Desarrollo y Gestión Interculturales es un profesional que promueve el diálogo y la cooperación entre culturas, diseñando y gestionando proyectos que fomenten el respeto a la diversidad cultural.","interculturalidad, gestión cultural, diversidad cultural, diálogo intercultural, mediación, desarrollo cultural, patrimonio cultural","19,3349","-99,1879",
Diseño Gráfico - FAD Xochimilco,"Facultad de Artes y Diseño, Xochimilco, Ciudad de México",Humanidades y de las Artes,"La demanda a primer ingreso en esta licenciatura en el ciclo 2023-2024 fue de 3,848. La asignación total de lugares para esta carrera fue de 366, por lo que de cada 11 estudiantes que demandaron la carrera, ingresó 1. El 60% del alumnado de primer ingreso son mujeres y 40% hombres.",FAD: 81,FAD: 7.90,Asignación total de 366 lugares (conjunto con FES Acatlán),"Haber cursado el Área de las Humanidades y Artes o Físico-Matemáticas. Creatividad, habilidad para el dibujo y manejo de formas y colores. Conocimientos de computación. Capacidad de comunicación visual.","El diseñador gráfico es el profesional que comunica visualmente ideas, mensajes e información a través de la creación de imágenes y la composición tipográfica, utilizando diversos medios impresos y digitales.","diseño gráfico, comunicación visual, ilustración, tipografía, diseño editorial, identidad corporativa, diseño digital","19,2637","-99,1056",
Diseño Gráfico - FES Acatlán,"FES Acatlán, Estado de México",Humanidades y de las Artes,"La demanda a primer ingreso en esta licenciatura en el ciclo 2023-2024 fue de 3,848. La asignación total de lugares para esta carrera fue de 366, por lo que de cada 11 estudiantes que demandaron la carrera, ingresó 1. El 60% del alumnado de primer ingreso son mujeres y 40% hombres.",FES Acatlán: 74,FES Acatlán: 7.88,Asignación total de 366 lugares (conjunto con FAD),"Haber cursado el Área de las Humanidades y Artes o Físico-Matemáticas. Creatividad, habilidad para el dibujo y manejo de formas y colores. Conocimientos de computación. Capacidad de comunicación visual.","El diseñador gráfico es el profesional que comunica visualmente ideas, mensajes e información a través de la creación de imágenes y la composición tipográfica, utilizando diversos medios impresos y digitales.","diseño gráfico, comunicación visual, ilustración, tipografía, diseño editorial, identidad corporativa, diseño digital","19,5135","-99,2484",
Diseño Industrial - Facultad de Arquitectura,"Facultad de Arquitectura, Ciudad de México",Ciencias Físico - Matemáticas y de las Ingenierías,"La demanda a primer ingreso en esta licenciatura en el ciclo 2023-2024 fue de 2,772. La asignación total de lugares para esta carrera fue de 368, por lo que de cada 8 estudiantes que demandaron la carrera, ingresó 1. El 48% del alumnado de primer ingreso son mujeres y 52% hombres.",Facultad de Arquitectura: 86,Facultad de Arquitectura: 7.97,Asignación total de 368 lugares (conjunto con FES Aragón),"Haber cursado el Área de las Ciencias Físico-Matemáticas. Creatividad, habilidad para el dibujo y la representación tridimensional. Interés por la tecnología, los materiales y los procesos de fabricación.","El diseñador industrial crea, proyecta y desarrolla objetos y productos que satisfacen necesidades humanas, considerando aspectos estéticos, funcionales, ergonómicos, productivos y comerciales.","diseño industrial, diseño de productos, ergonomía, materiales, procesos de fabricación, innovación, mobiliario","19,3326","-99,1866",
Diseño Industrial - FES Aragón,"FES Aragón, Estado de México",Ciencias Físico - Matemáticas y de las Ingenierías,"La demanda a primer ingreso en esta licenciatura en el ciclo 2023-2024 fue de 2,772. La asignación total de lugares para esta carrera fue de 368, por lo que de cada 8 estudiantes que demandaron la carrera, ingresó 1. El 48% del alumnado de primer ingreso son mujeres y 52% hombres.",FES Aragón: 73,FES Aragón: 7.85,Asignación total de 368 lugares (conjunto con Facultad de Arquitectura),"Haber cursado el Área de las Ciencias Físico-Matemáticas. Creatividad, habilidad para el dibujo y la representación tridimensional. Interés por la tecnología, los materiales y los procesos de fabricación.","El diseñador industrial crea, proyecta y desarrolla objetos y productos que satisfacen necesidades humanas, considerando aspectos estéticos, funcionales, ergonómicos, productivos y comerciales.","diseño industrial, diseño de productos, ergonomía, materiales, procesos de fabricación, innovación, mobiliario","19,4799","-99,0481",
Diseño y Comunicación Visual - FES Cuautitlán,"FES Cuautitlán, Estado de México",Humanidades y de las Artes,"La demanda a primer ingreso en esta licenciatura en el ciclo 2023-2024 fue de 1,647. La asignación total de lugares para esta carrera fue de 192, por lo que de cada 9 estudiantes que demandaron la carrera, ingresó 1. El 57% del alumnado de primer ingreso son mujeres y 43% hombres.",FES Cuautitlán: 60,FES Cuautitlán: 7.62,Asignación total de 192 lugares,"Haber cursado el Área de las Humanidades y Artes o Físico-Matemáticas. Creatividad, sensibilidad estética y habilidades para el dibujo y la composición visual. Interés por la comunicación y las nuevas tecnologías.","El licenciado en Diseño y Comunicación Visual es un profesional que utiliza el lenguaje visual para resolver problemas de comunicación, creando mensajes efectivos para audiencias específicas a través de medios impresos y digitales.","diseño, comunicación visual, diseño gráfico, ilustración digital, multimedia, animación, fotografía","19,6856","-99,1822",
Ecología - ENES Morelia,"ENES Unidad Morelia, Michoacán","Ciencias Biológicas, Químicas y de la Salud","La demanda a primer ingreso en esta licenciatura en el ciclo 2023-2024 fue de 385. La asignación total de lugares para esta carrera fue de 69, por lo que de cada 6 estudiantes que demandaron la carrera, ingresó 1. El 57% del alumnado de primer ingreso son mujeres y 43% hombres.",ENES Unidad Morelia: 60,ENES Unidad Morelia: 7.58,Asignación total de 69 lugares,"Haber cursado el Área de las Ciencias Biológicas, Químicas y de la Salud. Interés por la naturaleza, los ecosistemas y la biodiversidad. Gusto por el trabajo de campo y la investigación científica.","El ecólogo estudia las relaciones entre los seres vivos y su ambiente, analizando la estructura y función de los ecosistemas para contribuir a su conservación y manejo sustentable.","ecología, ecosistemas, biodiversidad, conservación, medio ambiente, recursos naturales, manejo de ecosistemas","19,649","-101,225",
Economía - Facultad de Economía,"Facultad de Economía, Ciudad de México",Ciencias Sociales,"La demanda a primer ingreso en esta licenciatura en el ciclo 2023-2024 fue de 3,146. La asignación total de lugares para esta carrera fue de 712, por lo que de cada 4 estudiantes que demandaron la carrera, ingresó 1. El 47% del alumnado de primer ingreso son mujeres y 53% hombres.",Facultad de Economía: 72,Facultad de Economía: 7.56,Asignación total de 712 lugares,"Haber cursado el Área de las Ciencias Sociales. Conocimientos de matemáticas y estadística. Interés por los fenómenos económicos, las finanzas y el desarrollo nacional e internacional. Capacidad analítica.","El economista analiza la producción, distribución y consumo de bienes y servicios. Estudia el comportamiento de los agentes económicos y propone políticas para el desarrollo y la estabilidad económica.","economía, macroeconomía, microeconomía, finanzas, desarrollo económico, comercio internacional, políticas económicas","19,3281","-99,1872",
Economía Industrial - ENES León,"ENES Unidad León, Guanajuato",Ciencias Sociales,"La demanda a primer ingreso en esta licenciatura en el ciclo 2023-2024 fue de 84. La asignación total de lugares para esta carrera fue de 43, por lo que de cada 2 estudiantes que demandaron la carrera, ingresó 1. El 42% del alumnado de primer ingreso son mujeres y 58% hombres.",ENES Unidad León: 45,ENES Unidad León: 7.40,Información no disponible,"Haber cursado el Área de las Ciencias Sociales o Físico-Matemáticas. Interés por la industria, la producción, las cadenas de valor y el desarrollo económico regional.","El licenciado en Economía Industrial analiza la estructura y dinámica de los sectores industriales, evaluando su competitividad y proponiendo estrategias para el desarrollo productivo y la innovación.","economía industrial, desarrollo económico, sectores productivos, industria, competitividad, cadenas de valor, innovación","21,0382","-101,6589",
Enfermería - FES Iztacala,"FES Iztacala, Estado de México","Ciencias Biológicas, Químicas y de la Salud","La demanda a primer ingreso en esta licenciatura en el ciclo 2023-2024 fue de 2,148. La asignación total de lugares para esta carrera fue de 386, por lo que de cada 6 estudiantes que demandaron la carrera, ingresó 1. El 77% del alumnado de primer ingreso son mujeres y 23% hombres.",FES Iztacala: 70,FES Iztacala: 7.61,Asignación total de 386 lugares,"Haber cursado el Área de las Ciencias Biológicas, Químicas y de la Salud. Vocación de servicio, empatía y sensibilidad humana. Capacidad de trabajo en equipo y manejo del estrés.","El licenciado en Enfermería es el profesional que proporciona cuidados integrales de salud a la persona, familia y comunidad, aplicando el proceso de enfermería en la prevención, tratamiento y rehabilitación de enfermedades.","enfermería, cuidados de salud, atención sanitaria, salud comunitaria, enfermería clínica, salud pública, cuidado del paciente","19,5207","-99,1898",
Enfermería y Obstetricia - FES Zaragoza,"FES Zaragoza, Estado de México","Ciencias Biológicas, Químicas y de la Salud","La demanda a primer ingreso en esta licenciatura en el ciclo 2023-2024 fue de 1,356. La asignación total de lugares para esta carrera fue de 238, por lo que de cada 6 estudiantes que demandaron la carrera, ingresó 1. El 82% del alumnado de primer ingreso son mujeres y 18% hombres.",FES Zaragoza: 70,FES Zaragoza: 7.62,Asignación total de 238 lugares,"Haber cursado el Área de las Ciencias Biológicas, Químicas y de la Salud. Vocación de servicio, empatía y sensibilidad hacia la mujer y el recién nacido. Capacidad de trabajo en equipo y bajo presión.","El licenciado en Enfermería y Obstetricia brinda cuidados de enfermería especializados durante el embarazo, parto y puerperio, así como atención al recién nacido y salud reproductiva de la mujer.","enfermería, obstetricia, salud materno-infantil, parto, puerperio, neonatología, salud reproductiva, ginecología","19,3936","-99,0383",
Enseñanza de (Alemán) (Español) (Francés) (Inglés) (Italiano) Como Lengua Extranjera - FES Acatlán,"FES Acatlán, Estado de México",Humanidades y de las Artes,"La demanda a primer ingreso en esta licenciatura en el ciclo 2023-2024 fue de 604. La asignación total de lugares para esta carrera fue de 171, por lo que de cada 4 estudiantes que demandaron la carrera, ingresó 1. El 70% del alumnado de primer ingreso son mujeres y 30% hombres.",FES Acatlán: 54,FES Acatlán: 7.49,Asignación total de 171 lugares,Haber cursado el Área de las Humanidades y Artes. Conocimiento previo del idioma que se desea enseñar. Habilidad para la comunicación y gusto por la docencia. Interés por la cultura y la lingüística.,"El licenciado en Enseñanza de Lenguas Extranjeras está formado para planear, conducir y evaluar procesos de enseñanza-aprendizaje de un idioma extranjero, con base en teorías lingüísticas, pedagógicas y didácticas.","enseñanza de lenguas, lingüística aplicada, docencia, idiomas, alemán, español, francés, inglés, italiano","19,5135","-99,2484",
Enseñanza de Inglés - FES Acatlán,"FES Acatlán, Estado de México",Humanidades y de las Artes,"La demanda a primer ingreso en esta licenciatura en el ciclo 2023-2024 fue de 1,282. La asignación total de lugares para esta carrera fue de 204, por lo que de cada 6 estudiantes que demandaron la carrera, ingresó 1. El 66% del alumnado de primer ingreso son mujeres y 34% hombres.",FES Acatlán: 58,FES Acatlán: 7.55,Asignación total de 204 lugares,Haber cursado el Área de las Humanidades y Artes. Conocimiento previo del idioma inglés. Habilidad para la comunicación y gusto por la docencia. Interés por la cultura anglosajona y la lingüística.,"El licenciado en Enseñanza de Inglés está capacitado para diseñar, implementar y evaluar programas de enseñanza del inglés como lengua extranjera en diversos contextos educativos.","enseñanza de inglés, docencia, inglés como lengua extranjera, lingüística aplicada, pedagogía, didáctica del inglés","19,5135","-99,2484",
Estudios Latinoamericanos - FFyL,"Facultad de Filosofía y Letras, Ciudad de México",Humanidades y de las Artes,"La demanda a primer ingreso en esta licenciatura en el ciclo 2023-2024 fue de 209. La asignación total de lugares para esta carrera fue de 108, por lo que de cada 2 estudiantes que demandaron la carrera, ingresó 1. El 58% del alumnado de primer ingreso son mujeres y 42% hombres.",Facultad de Filosofía y Letras: 65,Facultad de Filosofía y Letras: 7.73,Asignación total de 108 lugares,"Haber cursado el Área de las Humanidades y Artes o Ciencias Sociales. Interés por la historia, cultura, sociedad y política de América Latina. Capacidad de análisis crítico e investigación.","El latinoamericanista es un profesional con una visión integral de la región, que analiza sus procesos históricos, culturales, sociales y políticos para comprender su realidad y contribuir a su desarrollo.","estudios latinoamericanos, América Latina, historia, cultura, sociedad, política, integración regional, pensamiento latinoamericano","19,3349","-99,1879",
Estudios Sociales y Gestión Local - ENES Morelia,"ENES Unidad Morelia, Michoacán",Ciencias Sociales,"La demanda a primer ingreso en esta licenciatura en el ciclo 2023-2024 fue de 94. La asignación total de lugares para esta carrera fue de 56, por lo que de cada 2 estudiantes que demandaron la carrera, ingresó 1. El 61% del alumnado de primer ingreso son mujeres y 39% hombres.",ENES Unidad Morelia: 55,ENES Unidad Morelia: 7.56,Información no disponible,Haber cursado el Área de las Ciencias Sociales. Interés por los problemas sociales locales y la gestión comunitaria. Vocación de servicio y capacidad de trabajo con comunidades.,El licenciado en Estudios Sociales y Gestión Local analiza la realidad social de comunidades y territorios específicos para diseñar e implementar proyectos de desarrollo local con participación ciudadana.,"estudios sociales, gestión local, desarrollo comunitario, participación ciudadana, políticas locales, trabajo comunitario, desarrollo regional","19,649","-101,225",
Etnomusicología - Facultad de Música,"Facultad de Música, Ciudad de México",Humanidades y de las Artes,"La demanda a primer ingreso en esta licenciatura en el ciclo 2023-2024 fue de 103. La asignación total de lugares para esta carrera fue de 42, por lo que de cada 2 estudiantes que demandaron la carrera, ingresó 1. El 33% del alumnado de primer ingreso son mujeres y 67% hombres.",Facultad de Música: 65,Facultad de Música: 8.00,Asignación total de 42 lugares,"Haber cursado el Área de las Humanidades y Artes. Conocimientos musicales básicos. Interés por la antropología, la cultura y las tradiciones musicales de los pueblos. Capacidad de investigación de campo.","El etnomusicólogo estudia la música en su contexto cultural, analizando las expresiones musicales de diferentes grupos humanos para comprender su significado social, histórico y antropológico.","etnomusicología, música, antropología, cultura, tradiciones musicales, folklore, investigación musical, diversidad cultural","19,3322","-99,187",
Farmacia - Facultad de Química,"Facultad de Química, Ciudad de México","Ciencias Biológicas, Químicas y de la Salud","La demanda a primer ingreso en esta licenciatura en el ciclo 2023-2024 fue de 1,218. La asignación total de lugares para esta carrera fue de 156, por lo que de cada 8 estudiantes que demandaron la carrera, ingresó 1. El 64% del alumnado de primer ingreso son mujeres y 36% hombres.",Facultad de Química: 95,Facultad de Química: 8.68,Asignación total de 156 lugares,"Haber cursado el Área de las Ciencias Biológicas, Químicas y de la Salud. Sólidos conocimientos en química, biología y matemáticas. Interés por los medicamentos, su desarrollo, producción y uso racional.","El Farmacéutico es el profesional que investiga, desarrolla, produce, controla y dispensa medicamentos, asegurando su calidad, seguridad y eficacia para la prevención y tratamiento de enfermedades.","farmacia, medicamentos, fármacos, química farmacéutica, farmacología, biofarmacia, farmacia clínica, industria farmacéutica","19,3308","-99,1889",
Filosofía - FFyL,"Facultad de Filosofía y Letras, Ciudad de México",Humanidades y de las Artes,"La demanda a primer ingreso en esta licenciatura en el ciclo 2023-2024 fue de 676. La asignación total de lugares para esta carrera fue de 184, por lo que de cada 4 estudiantes que demandaron la carrera, ingresó 1. El 42% del alumnado de primer ingreso son mujeres y 58% hombres.",Facultad de Filosofía y Letras: 72,Facultad de Filosofía y Letras: 7.80,Asignación total de 184 lugares,"Haber cursado el Área de las Humanidades y Artes. Gusto por la lectura, el pensamiento abstracto y la reflexión crítica. Capacidad de análisis, argumentación y cuestionamiento.","El filósofo estudia los problemas fundamentales de la existencia, el conocimiento, la verdad, la moral y la sociedad, desarrollando un pensamiento crítico y reflexivo aplicable a diversos campos del saber.","filosofía, pensamiento crítico, ética, lógica, epistemología, ontología, estética, historia de la filosofía","19,3349","-99,1879",
Física - Facultad de Ciencias,"Facultad de Ciencias, Ciudad de México",Ciencias Físico - Matemáticas y de las Ingenierías,"La demanda a primer ingreso en esta licenciatura en el ciclo 2023-2024 fue de 1,003. La asignación total de lugares para esta carrera fue de 228, por lo que de cada 4 estudiantes que demandaron la carrera, ingresó 1. El 33% del alumnado de primer ingreso son mujeres y 67% hombres.",Facultad de Ciencias: 97,Facultad de Ciencias: 8.70,Asignación total de 228 lugares,"Haber cursado el Área de las Ciencias Físico-Matemáticas. Sólidos conocimientos en matemáticas y física. Gusto por la ciencia, la investigación y la comprensión de los fenómenos naturales. Capacidad de abstracción.","El físico estudia las leyes fundamentales que rigen el universo, desde las partículas subatómicas hasta los fenómenos cósmicos, mediante la observación, experimentación y formulación de teorías.","física, ciencias físicas, mecánica, electromagnetismo, termodinámica, óptica, física cuántica, relatividad","19,3243","-99,1796",
Física Biomédica - Facultad de Ciencias,"Facultad de Ciencias, Ciudad de México",Ciencias Físico - Matemáticas y de las Ingenierías,"La demanda a primer ingreso en esta licenciatura en el ciclo 2023-2024 fue de 737. La asignación total de lugares para esta carrera fue de 84, por lo que de cada 9 estudiantes que demandaron la carrera, ingresó 1. El 58% del alumnado de primer ingreso son mujeres y 42% hombres.",Facultad de Ciencias: 96,Facultad de Ciencias: 8.79,Asignación total de 84 lugares,Haber cursado el Área de las Ciencias Físico-Matemáticas o Biológicas y de la Salud. Interés por la física aplicada a la medicina y la biología. Gusto por la tecnología médica y la investigación interdisciplinaria.,"El físico biomédico aplica los principios y métodos de la física para resolver problemas médicos y biológicos, desarrollando tecnología para el diagnóstico, tratamiento e investigación en salud.","física médica, física biomédica, instrumentación médica, imagenología, radioterapia, biofísica, tecnología médica","19,3243","-99,1796",
Fisioterapia - Facultad de Medicina,"Facultad de Medicina, Ciudad de México","Ciencias Biológicas, Químicas y de la Salud","La demanda a primer ingreso en esta licenciatura en el ciclo 2023-2024 fue de 3,215. La asignación total de lugares para esta carrera fue de 201, por lo que de cada 16 estudiantes que demandaron la carrera, ingresó 1. El 61% del alumnado de primer ingreso son mujeres y 39% hombres.",Facultad de Medicina: 101,Facultad de Medicina: 9.13,Asignación total de 201 lugares,"Haber cursado el Área de las Ciencias Biológicas, Químicas y de la Salud. Interés por la rehabilitación física y el movimiento humano. Vocación de servicio, empatía y capacidad de comunicación.","El fisioterapeuta es el profesional que previene, evalúa y trata las alteraciones del movimiento humano mediante agentes físicos y ejercicios terapéuticos para restaurar la función y mejorar la calidad de vida.","fisioterapia, rehabilitación, terapia física, movimiento humano, ejercicio terapéutico, kinesiología, lesiones deportivas","19,3242","-99,1817",
Geociencias - ENES Juriquilla,"ENES Unidad Juriquilla, Querétaro",Ciencias Físico - Matemáticas y de las Ingenierías,"La demanda a primer ingreso en esta licenciatura en el ciclo 2023-2024 fue de 129. La asignación total de lugares para esta carrera fue de 50, por lo que de cada 3 estudiantes que demandaron la carrera, ingresó 1. El 50% del alumnado de primer ingreso son mujeres y 50% hombres.",ENES Unidad Juriquilla: 65,ENES Unidad Juriquilla: 7.50,Información no disponible,"Haber cursado el Área de las Ciencias Físico-Matemáticas o Químico-Biológicas. Interés por el estudio de la Tierra, sus procesos geológicos y recursos naturales. Gusto por el trabajo de campo.","El geocientífico estudia la composición, estructura y evolución de la Tierra, así como los procesos que la modelan, para la exploración de recursos, prevención de riesgos y gestión ambiental.","geociencias, geología, ciencias de la tierra, recursos minerales, riesgos geológicos, exploración geofísica, medio ambiente","20,7033","-100,4487",
Geografía - FFyL,"Facultad de Filosofía y Letras, Ciudad de México",Ciencias Sociales,"La demanda a primer ingreso en esta licenciatura en el ciclo 2023-2024 fue de 573. La asignación total de lugares para esta carrera fue de 180, por lo que de cada 3 estudiantes que demandaron la carrera, ingresó 1. El 48% del alumnado de primer ingreso son mujeres y 52% hombres.",Facultad de Filosofía y Letras: 66,Facultad de Filosofía y Letras: 7.55,Asignación total de 180 lugares,"Haber cursado el Área de las Ciencias Sociales o Físico-Matemáticas. Interés por el territorio, el espacio geográfico y la relación sociedad-naturaleza. Gusto por la cartografía y el trabajo de campo.","El geógrafo analiza la organización del espacio geográfico, estudiando la interacción entre los elementos naturales y sociales para comprender los problemas territoriales y proponer soluciones de ordenamiento.","geografía, espacio geográfico, territorio, cartografía, geografía física, geografía humana, ordenamiento territorial","19,3349","-99,1879",
Geografía Aplicada - ENES Morelia,"ENES Unidad Morelia, Michoacán",Ciencias Sociales,"La demanda a primer ingreso en esta licenciatura en el ciclo 2023-2024 fue de 142. La asignación total de lugares para esta carrera fue de 59, por lo que de cada 2 estudiantes que demandaron la carrera, ingresó 1. El 36% del alumnado de primer ingreso son mujeres y 64% hombres.",ENES Unidad Morelia: 50,ENES Unidad Morelia: 7.30,Información no disponible,Haber cursado el Área de las Ciencias Sociales o Físico-Matemáticas. Interés por la aplicación del conocimiento geográfico en la solución de problemas territoriales y ambientales. Manejo de tecnologías geoespaciales.,"El licenciado en Geografía Aplicada utiliza herramientas y métodos geográficos para analizar y resolver problemas concretos del territorio, como la planeación urbana, gestión de riesgos y manejo de recursos.","geografía aplicada, SIG, percepción remota, planeación territorial, gestión ambiental, análisis espacial, cartografía digital","19,649","-101,225",
Geohistoria - ENES Morelia,"ENES Unidad Morelia, Michoacán",Ciencias Sociales,"La demanda a primer ingreso en esta licenciatura en el ciclo 2023-2024 fue de 156. La asignación total de lugares para esta carrera fue de 59, por lo que de cada 3 estudiantes que demandaron la carrera, ingresó 1. El 42% del alumnado de primer ingreso son mujeres y 58% hombres.",ENES Unidad Morelia: 51,ENES Unidad Morelia: 7.40,Información no disponible,"Haber cursado el Área de las Ciencias Sociales o Humanidades. Interés por la historia, la geografía y la relación entre el espacio y los procesos históricos. Gusto por la investigación documental y de campo.","El geohistoriador estudia la relación entre el espacio geográfico y los procesos históricos, analizando cómo el territorio influye en el desarrollo de las sociedades y cómo éstas transforman su entorno.","geohistoria, historia, geografía, territorio, espacio histórico, paisaje cultural, historia regional","19,649","-101,225",
Historia - FFyL,"Facultad de Filosofía y Letras, Ciudad de México",Humanidades y de las Artes,"La demanda a primer ingreso en esta licenciatura en el ciclo 2023-2024 fue de 1,504. La asignación total de lugares para esta carrera fue de 428, por lo que de cada 4 estudiantes que demandaron la carrera, ingresó 1. El 47% del alumnado de primer ingreso son mujeres y 53% hombres.",Facultad de Filosofía y Letras: 70,Facultad de Filosofía y Letras: 7.82,Asignación total de 428 lugares (conjunto con FES Acatlán),"Haber cursado el Área de las Humanidades y Artes o Ciencias Sociales. Gusto por la lectura, la investigación documental y el análisis del pasado. Capacidad crítica y de interpretación.","El historiador investiga, analiza e interpreta los procesos históricos de las sociedades para comprender el pasado, explicar el presente y contribuir a la construcción del futuro.","historia, historiografía, investigación histórica, historia de México, historia universal, archivos históricos, patrimonio cultural","19,3349","-99,1879",
Historia - FES Acatlán,"FES Acatlán, Estado de México",Humanidades y de las Artes,"La demanda a primer ingreso en esta licenciatura en el ciclo 2023-2024 fue de 1,504. La asignación total de lugares para esta carrera fue de 428, por lo que de cada 4 estudiantes que demandaron la carrera, ingresó 1. El 47% del alumnado de primer ingreso son mujeres y 53% hombres.",FES Acatlán: 59,FES Acatlán: 7.56,Asignación total de 428 lugares (conjunto con FFyL),"Haber cursado el Área de las Humanidades y Artes o Ciencias Sociales. Gusto por la lectura, la investigación documental y el análisis del pasado. Capacidad crítica y de interpretación.","El historiador investiga, analiza e interpreta los procesos históricos de las sociedades para comprender el pasado, explicar el presente y contribuir a la construcción del futuro.","historia, historiografía, investigación histórica, historia de México, historia universal, archivos históricos, patrimonio cultural","19,5135","-99,2484",
Historia del Arte - FFyL,"Facultad de Filosofía y Letras, Ciudad de México",Humanidades y de las Artes,"La demanda a primer ingreso en esta licenciatura en el ciclo 2023-2024 fue de 536. La asignación total de lugares para esta carrera fue de 120, por lo que de cada 4 estudiantes que demandaron la carrera, ingresó 1. El 63% del alumnado de primer ingreso son mujeres y 37% hombres.",Facultad de Filosofía y Letras: 70,Facultad de Filosofía y Letras: 7.79,Asignación total de 120 lugares,"Haber cursado el Área de las Humanidades y Artes. Sensibilidad estética e interés por las manifestaciones artísticas a lo largo de la historia. Capacidad de observación, análisis e interpretación.","El historiador del arte estudia las obras de arte en su contexto histórico, social y cultural, analizando su significado, evolución y valor patrimonial para su conservación y difusión.","historia del arte, arte, estética, patrimonio artístico, crítica de arte, curaduría, museografía, conservación","19,3349","-99,1879",
Informática - FCA Escolarizada,"Facultad de Contaduría y Administración, Ciudad de México",Ciencias Físico - Matemáticas y de las Ingenierías,"La demanda a primer ingreso en esta licenciatura en el ciclo 2023-2024 fue de 1,796. La asignación total de lugares para esta carrera fue de 409, por lo que de cada 4 estudiantes que demandaron la carrera, ingresó 1. El 31% del alumnado de primer ingreso son mujeres y 69% hombres.",FCA Escolarizada: 77,FCA Escolarizada: 7.69,Asignación total de 409 lugares (conjunto con modalidad a Distancia),"Haber cursado el Área de las Ciencias Físico-Matemáticas. Interés por la tecnología, la computación y los sistemas de información. Capacidad de análisis lógico y resolución de problemas.","El licenciado en Informática aplica las tecnologías de la información y comunicación para optimizar los procesos administrativos y de negocio en las organizaciones, desarrollando soluciones informáticas innovadoras.","informática, tecnologías de la información, sistemas computacionales, bases de datos, redes, desarrollo de software, informática administrativa","19,3285","-99,1882",
Informática - FCA a Distancia,"Facultad de Contaduría y Administración (Modalidad a Distancia), Ciudad de México",Ciencias Físico - Matemáticas y de las Ingenierías,"La demanda a primer ingreso en esta licenciatura en el ciclo 2023-2024 fue de 1,796. La asignación total de lugares para esta carrera fue de 409, por lo que de cada 4 estudiantes que demandaron la carrera, ingresó 1. El 31% del alumnado de primer ingreso son mujeres y 69% hombres.",FCA a Distancia: 70,FCA a Distancia: 8.15,Asignación total de 409 lugares (conjunto con modalidad Escolarizada),"Haber cursado el Área de las Ciencias Físico-Matemáticas. Interés por la tecnología, la computación y los sistemas de información. Capacidad de análisis lógico y resolución de problemas.","El licenciado en Informática aplica las tecnologías de la información y comunicación para optimizar los procesos administrativos y de negocio en las organizaciones, desarrollando soluciones informáticas innovadoras.","informática, tecnologías de la información, sistemas computacionales, bases de datos, redes, desarrollo de software, informática administrativa","19,3285","-99,1882",
Ingeniería Aeroespacial - Facultad de Ingeniería,"Facultad de Ingeniería, Ciudad de México",Ciencias Físico - Matemáticas y de las Ingenierías,"La demanda a primer ingreso en esta licenciatura en el ciclo 2023-2024 fue de 1,500. La asignación total de lugares para esta carrera fue de 125, por lo que de cada 12 estudiantes que demandaron la carrera, ingresó 1. El 27% del alumnado de primer ingreso son mujeres y 73% hombres.",Facultad de Ingeniería: 105,Facultad de Ingeniería: 9.16,Asignación total de 125 lugares,"Haber cursado el Área de las Ciencias Físico-Matemáticas. Sólidos conocimientos en matemáticas, física y química. Interés por la aeronáutica, el espacio y la tecnología de vanguardia. Capacidad de análisis y creatividad.","El ingeniero aeroespacial diseña, construye y opera aeronaves y vehículos espaciales, así como los sistemas de propulsión y navegación asociados, contribuyendo al desarrollo de la industria aeroespacial.","ingeniería aeroespacial, aeronáutica, astronáutica, aviones, satélites, propulsión, aerodinámica, espacio","19,3305","-99,1862",
Ingeniería Agrícola - FES Cuautitlán,"FES Cuautitlán, Estado de México",Ciencias Físico - Matemáticas y de las Ingenierías,"La demanda a primer ingreso en esta licenciatura en el ciclo 2023-2024 fue de 195. La asignación total de lugares para esta carrera fue de 81, por lo que de cada 2 estudiantes que demandaron la carrera, ingresó 1. El 22% del alumnado de primer ingreso son mujeres y 78% hombres.",FES Cuautitlán: 55,FES Cuautitlán: 7.23,Asignación total de 81 lugares,"Haber cursado el Área de las Ciencias Físico-Matemáticas o Químico-Biológicas. Interés por el campo, la producción agrícola y la tecnología aplicada al agro. Gusto por el trabajo al aire libre.","El ingeniero agrícola aplica los principios de la ingeniería a la producción agropecuaria, diseñando y operando sistemas de riego, maquinaria agrícola, construcciones rurales y procesos de poscosecha.","ingeniería agrícola, agricultura, maquinaria agrícola, riego, agroindustria, poscosecha, desarrollo rural","19,6856","-99,1822",
Ingeniería Ambiental - Facultad de Ingeniería,"Facultad de Ingeniería, Ciudad de México",Ciencias Físico - Matemáticas y de las Ingenierías,"La demanda a primer ingreso en esta licenciatura en el ciclo 2023-2024 fue de 2,575. La asignación total de lugares para esta carrera fue de 258, por lo que de cada 10 estudiantes que demandaron la carrera, ingresó 1. El 54% del alumnado de primer ingreso son mujeres y 46% hombres.",Facultad de Ingeniería: 91,Facultad de Ingeniería: 8.50,Asignación total de 258 lugares,"Haber cursado el Área de las Ciencias Físico-Matemáticas o Químico-Biológicas. Interés por el medio ambiente, la sustentabilidad y la prevención de la contaminación. Capacidad de análisis y vocación social.","El ingeniero ambiental previene, controla y remedia los problemas de contaminación del agua, aire y suelo, diseñando sistemas y procesos que minimicen el impacto ambiental de las actividades humanas.","ingeniería ambiental, medio ambiente, contaminación, sustentabilidad, tratamiento de aguas, gestión de residuos, calidad del aire","19,3305","-99,1862",
Ingeniería Civil - Facultad de Ingeniería,"Facultad de Ingeniería, Ciudad de México",Ciencias Físico - Matemáticas y de las Ingenierías,"La demanda a primer ingreso en esta licenciatura en el ciclo 2023-2024 fue de 6,295. La asignación total de lugares para esta carrera fue de 1,178, por lo que de cada 5 estudiantes que demandaron la carrera, ingresó 1. El 31% del alumnado de primer ingreso son mujeres y 69% hombres.",Facultad de Ingeniería: 92,Facultad de Ingeniería: 8.36,"Asignación total de 1,178 lugares (conjunto todas las sedes)","Haber cursado el Área de las Ciencias Físico-Matemáticas. Sólidos conocimientos en matemáticas y física. Interés por la construcción, las grandes obras de infraestructura y la planeación urbana.","El ingeniero civil proyecta, diseña, construye y mantiene obras de infraestructura como edificios, puentes, carreteras, presas y sistemas hidráulicos, contribuyendo al desarrollo del país.","ingeniería civil, construcción, estructuras, hidráulica, vías terrestres, geotecnia, sanitaria, infraestructura","19,3305","-99,1862",
Ingeniería Civil - FES Acatlán,"FES Acatlán, Estado de México",Ciencias Físico - Matemáticas y de las Ingenierías,"La demanda a primer ingreso en esta licenciatura en el ciclo 2023-2024 fue de 6,295. La asignación total de lugares para esta carrera fue de 1,178, por lo que de cada 5 estudiantes que demandaron la carrera, ingresó 1. El 31% del alumnado de primer ingreso son mujeres y 69% hombres.",FES Acatlán: 72,FES Acatlán: 7.72,"Asignación total de 1,178 lugares (conjunto todas las sedes)","Haber cursado el Área de las Ciencias Físico-Matemáticas. Sólidos conocimientos en matemáticas y física. Interés por la construcción, las grandes obras de infraestructura y la planeación urbana.","El ingeniero civil proyecta, diseña, construye y mantiene obras de infraestructura como edificios, puentes, carreteras, presas y sistemas hidráulicos, contribuyendo al desarrollo del país.","ingeniería civil, construcción, estructuras, hidráulica, vías terrestres, geotecnia, sanitaria, infraestructura","19,5135","-99,2484",
Ingeniería Civil - FES Aragón,"FES Aragón, Estado de México",Ciencias Físico - Matemáticas y de las Ingenierías,"La demanda a primer ingreso en esta licenciatura en el ciclo 2023-2024 fue de 6,295. La asignación total de lugares para esta carrera fue de 1,178, por lo que de cada 5 estudiantes que demandaron la carrera, ingresó 1. El 31% del alumnado de primer ingreso son mujeres y 69% hombres.",FES Aragón: 72,FES Aragón: 7.69,"Asignación total de 1,178 lugares (conjunto todas las sedes)","Haber cursado el Área de las Ciencias Físico-Matemáticas. Sólidos conocimientos en matemáticas y física. Interés por la construcción, las grandes obras de infraestructura y la planeación urbana.","El ingeniero civil proyecta, diseña, construye y mantiene obras de infraestructura como edificios, puentes, carreteras, presas y sistemas hidráulicos, contribuyendo al desarrollo del país.","ingeniería civil, construcción, estructuras, hidráulica, vías terrestres, geotecnia, sanitaria, infraestructura","19,4799","-99,0481",
Ingeniería de Minas y Metalurgia - Facultad de Ingeniería,"Facultad de Ingeniería, Ciudad de México",Ciencias Físico - Matemáticas y de las Ingenierías,"La demanda a primer ingreso en esta licenciatura en el ciclo 2023-2024 fue de 334. La asignación total de lugares para esta carrera fue de 110, por lo que de cada 3 estudiantes que demandaron la carrera, ingresó 1. El 35% del alumnado de primer ingreso son mujeres y 65% hombres.",Facultad de Ingeniería: 69,Facultad de Ingeniería: 7.75,Asignación total de 110 lugares,"Haber cursado el Área de las Ciencias Físico-Matemáticas. Interés por la minería, la extracción de minerales y los procesos metalúrgicos. Gusto por el trabajo de campo y la industria extractiva.","El ingeniero de minas y metalurgista explora, explota y beneficia los recursos minerales, aplicando técnicas de extracción minera y procesos metalúrgicos para la obtención de metales y materiales.","minería, metalurgia, extracción de minerales, geología de minas, beneficio de minerales, metalurgia extractiva, seguridad minera","19,3305","-99,1862",
Ingeniería Eléctrica Electrónica - Facultad de Ingeniería,"Facultad de Ingeniería, Ciudad de México",Ciencias Físico - Matemáticas y de las Ingenierías,"La demanda a primer ingreso en esta licenciatura en el ciclo 2023-2024 fue de 2,414. La asignación total de lugares para esta carrera fue de 381, por lo que de cada 6 estudiantes que demandaron la carrera, ingresó 1. El 22% del alumnado de primer ingreso son mujeres y 78% hombres.",Facultad de Ingeniería: 91,Facultad de Ingeniería: 8.46,Asignación total de 381 lugares,"Haber cursado el Área de las Ciencias Físico-Matemáticas. Sólidos conocimientos en matemáticas y física. Interés por la electricidad, la electrónica, los circuitos y los sistemas de potencia.","El ingeniero eléctrico electrónico genera, transmite y distribuye energía eléctrica, además de diseñar sistemas electrónicos y de control para aplicaciones industriales, comerciales y domésticas.","ingeniería eléctrica, electrónica, sistemas de potencia, circuitos, control, máquinas eléctricas, instrumentación","19,3305","-99,1862",
Ingeniería en Alimentos - Facultad de Química,"Facultad de Química, Ciudad de México",Ciencias Físico - Matemáticas y de las Ingenierías,"La demanda a primer ingreso en esta licenciatura en el ciclo 2023-2024 fue de 903. La asignación total de lugares para esta carrera fue de 110, por lo que de cada 8 estudiantes que demandaron la carrera, ingresó 1. El 66% del alumnado de primer ingreso son mujeres y 34% hombres.",Facultad de Química: 88,Facultad de Química: 8.45,Asignación total de 110 lugares,"Haber cursado el Área de las Ciencias Biológicas, Químicas y de la Salud o Físico-Matemáticas. Interés por los alimentos, su procesamiento, conservación y calidad.","El ingeniero en alimentos aplica los principios de la ingeniería y la ciencia de los alimentos para procesar, conservar, transformar y asegurar la calidad e inocuidad de los productos alimenticios.","ingeniería en alimentos, tecnología de alimentos, procesamiento de alimentos, conservación, inocuidad, calidad alimentaria, biotecnología alimentaria","19,3308","-99,1889",
Ingeniería en Computación - Facultad de Ingeniería,"Facultad de Ingeniería, Ciudad de México",Ciencias Físico - Matemáticas y de las Ingenierías,"La demanda a primer ingreso en esta licenciatura en el ciclo 2023-2024 fue de 5,405. La asignación total de lugares para esta carrera fue de 762, por lo que de cada 7 estudiantes que demandaron la carrera, ingresó 1. El 23% del alumnado de primer ingreso son mujeres y 77% hombres.",Facultad de Ingeniería: 94,Facultad de Ingeniería: 8.60,Asignación total de 762 lugares (conjunto con FES Aragón),"Haber cursado el Área de las Ciencias Físico-Matemáticas. Gusto por la tecnología, la programación y el desarrollo de software y hardware. Capacidad de análisis lógico y resolución de problemas.","El ingeniero en computación diseña, desarrolla e implementa sistemas de cómputo, tanto de hardware como de software, para resolver problemas en diversas áreas de la industria y los servicios.","ingeniería en computación, sistemas computacionales, hardware, software, programación, redes, sistemas embebidos, arquitectura de computadoras","19,3305","-99,1862",
Ingeniería en Computación - FES Aragón,"FES Aragón, Estado de México",Ciencias Físico - Matemáticas y de las Ingenierías,"La demanda a primer ingreso en esta licenciatura en el ciclo 2023-2024 fue de 5,405. La asignación total de lugares para esta carrera fue de 762, por lo que de cada 7 estudiantes que demandaron la carrera, ingresó 1. El 23% del alumnado de primer ingreso son mujeres y 77% hombres.",FES Aragón: 74,FES Aragón: 7.88,Asignación total de 762 lugares (conjunto con Facultad de Ingeniería),"Haber cursado el Área de las Ciencias Físico-Matemáticas. Gusto por la tecnología, la programación y el desarrollo de software y hardware. Capacidad de análisis lógico y resolución de problemas.","El ingeniero en computación diseña, desarrolla e implementa sistemas de cómputo, tanto de hardware como de software, para resolver problemas en diversas áreas de la industria y los servicios.","ingeniería en computación, sistemas computacionales, hardware, software, programación, redes, sistemas embebidos, arquitectura de computadoras","19,4799","-99,0481",
Ingeniería en Energías Renovables - ENES Juriquilla,"ENES Unidad Juriquilla, Querétaro",Ciencias Físico - Matemáticas y de las Ingenierías,"La demanda a primer ingreso en esta licenciatura en el ciclo 2023-2024 fue de 412. La asignación total de lugares para esta carrera fue de 75, por lo que de cada 5 estudiantes que demandaron la carrera, ingresó 1. El 37% del alumnado de primer ingreso son mujeres y 63% hombres.",ENES Unidad Juriquilla: 85,ENES Unidad Juriquilla: 8.29,Asignación total de 75 lugares,"Haber cursado el Área de las Ciencias Físico-Matemáticas. Interés por las energías limpias, la sustentabilidad y la tecnología ambiental. Capacidad de innovación y vocación ecológica.","El ingeniero en energías renovables evalúa, diseña e implementa sistemas de generación de energía a partir de fuentes renovables como solar, eólica, biomasa e hidráulica para un desarrollo energético sustentable.","energías renovables, energía solar, energía eólica, biomasa, sustentabilidad, celdas fotovoltaicas, eficiencia energética","20,7033","-100,4487",
Ingeniería en Sistemas Biomédicos - Facultad de Ingeniería,"Facultad de Ingeniería, Ciudad de México",Ciencias Físico - Matemáticas y de las Ingenierías,"La demanda a primer ingreso en esta licenciatura en el ciclo 2023-2024 fue de 1,124. La asignación total de lugares para esta carrera fue de 78, por lo que de cada 14 estudiantes que demandaron la carrera, ingresó 1. El 51% del alumnado de primer ingreso son mujeres y 49% hombres.",Facultad de Ingeniería: 99,Facultad de Ingeniería: 8.96,Asignación total de 78 lugares,"Haber cursado el Área de las Ciencias Físico-Matemáticas o Biológicas y de la Salud. Interés por la tecnología médica, la electrónica y la biología. Vocación de servicio en el sector salud.","El ingeniero en sistemas biomédicos aplica la ingeniería para resolver problemas en medicina y biología, diseñando, desarrollando y manteniendo equipo y tecnología para el diagnóstico, tratamiento y rehabilitación.","ingeniería biomédica, tecnología médica, instrumentación médica, bioingeniería, equipo médico, prótesis, imágenes médicas","19,3305","-99,1862",
Ingeniería en Telecomunicaciones - Facultad de Ingeniería,"Facultad de Ingeniería, Ciudad de México",Ciencias Físico - Matemáticas y de las Ingenierías,"La demanda a primer ingreso en esta licenciatura en el ciclo 2023-2024 fue de 896. La asignación total de lugares para esta carrera fue de 116, por lo que de cada 8 estudiantes que demandaron la carrera, ingresó 1. El 23% del alumnado de primer ingreso son mujeres y 77% hombres.",Facultad de Ingeniería: 88,Facultad de Ingeniería: 8.33,Asignación total de 116 lugares,"Haber cursado el Área de las Ciencias Físico-Matemáticas. Interés por las comunicaciones, las redes y la transmisión de información. Capacidad de análisis y actualización tecnológica constante.","El ingeniero en telecomunicaciones diseña, implementa y opera sistemas de transmisión de voz, datos y video, así como redes de comunicaciones alámbricas e inalámbricas.","telecomunicaciones, comunicaciones, redes, transmisión de datos, fibra óptica, comunicaciones satelitales, sistemas inalámbricos","19,3305","-99,1862",
Ingeniería en Telecomunicaciones, Sistemas y Electrónica - FES Cuautitlán,"FES Cuautitlán, Estado de México",Ciencias Físico - Matemáticas y de las Ingenierías,"La demanda a primer ingreso en esta licenciatura en el ciclo 2023-2024 fue de 848. La asignación total de lugares para esta carrera fue de 144, por lo que de cada 6 estudiantes que demandaron la carrera, ingresó 1. El 22% del alumnado de primer ingreso son mujeres y 78% hombres.",FES Cuautitlán: 65,FES Cuautitlán: 7.45,Asignación total de 144 lugares,"Haber cursado el Área de las Ciencias Físico-Matemáticas. Interés por la electrónica, las telecomunicaciones y los sistemas digitales. Gusto por la tecnología y la innovación.","El ingeniero en telecomunicaciones, sistemas y electrónica integra conocimientos de electrónica, comunicaciones y sistemas computacionales para diseñar y operar sistemas de comunicación y control.","telecomunicaciones, sistemas electrónicos, comunicaciones, redes, control, automatización, electrónica","19,6856","-99,1822"
Ingeniería Geofísica - Facultad de Ingeniería,"Facultad de Ingeniería, Ciudad de México",Ciencias Físico - Matemáticas y de las Ingenierías,"La demanda a primer ingreso en esta licenciatura en el ciclo 2023-2024 fue de 219. La asignación total de lugares para esta carrera fue de 83, por lo que de cada 3 estudiantes que demandaron la carrera, ingresó 1. El 40% del alumnado de primer ingreso son mujeres y 60% hombres.",Facultad de Ingeniería: 69,Facultad de Ingeniería: 7.81,Asignación total de 83 lugares,"Haber cursado el Área de las Ciencias Físico-Matemáticas. Interés por la física de la Tierra, los fenómenos naturales y la exploración del subsuelo. Gusto por el trabajo de campo.","El ingeniero geofísico aplica métodos físicos y matemáticos para explorar el subsuelo, localizar recursos naturales, estudiar fenómenos geológicos y evaluar riesgos naturales.","geofísica, exploración geofísica, sismología, gravimetría, magnetometría, recursos naturales, geología","19,3305","-99,1862",
Ingeniería Geológica - Facultad de Ingeniería,"Facultad de Ingeniería, Ciudad de México",Ciencias Físico - Matemáticas y de las Ingenierías,"La demanda a primer ingreso en esta licenciatura en el ciclo 2023-2024 fue de 245. La asignación total de lugares para esta carrera fue de 88, por lo que de cada 3 estudiantes que demandaron la carrera, ingresó 1. El 40% del alumnado de primer ingreso son mujeres y 60% hombres.",Facultad de Ingeniería: 68,Facultad de Ingeniería: 7.79,Asignación total de 88 lugares,"Haber cursado el Área de las Ciencias Físico-Matemáticas. Interés por la geología, los materiales terrestres y la ingeniería aplicada a obras civiles. Gusto por el trabajo de campo.","El ingeniero geólogo estudia la composición y estructura de la corteza terrestre para aplicarlo en la construcción de obras civiles, la exploración de recursos y la prevención de riesgos geológicos.","ingeniería geológica, geotecnia, mecánica de rocas, mecánica de suelos, geología aplicada, estabilidad de taludes, hidrogeología","19,3305","-99,1862",
Ingeniería Geomática - Facultad de Ingeniería,"Facultad de Ingeniería, Ciudad de México",Ciencias Físico - Matemáticas y de las Ingenierías,"La demanda a primer ingreso en esta licenciatura en el ciclo 2023-2024 fue de 373. La asignación total de lugares para esta carrera fue de 97, por lo que de cada 4 estudiantes que demandaron la carrera, ingresó 1. El 38% del alumnado de primer ingreso son mujeres y 62% hombres.",Facultad de Ingeniería: 73,Facultad de Ingeniería: 7.92,Asignación total de 97 lugares,"Haber cursado el Área de las Ciencias Físico-Matemáticas. Interés por la captura, procesamiento y análisis de información geográfica. Gusto por la tecnología satelital y los sistemas de posicionamiento.","El ingeniero geomático captura, procesa, analiza y representa información geográfica mediante tecnologías como GPS, percepción remota y sistemas de información geográfica (SIG).","geomática, SIG, sistemas de información geográfica, percepción remota, GPS, fotogrametría, cartografía digital, geodesia","19,3305","-99,1862",
Ingeniería Industrial - Facultad de Ingeniería,"Facultad de Ingeniería, Ciudad de México",Ciencias Físico - Matemáticas y de las Ingenierías,"La demanda a primer ingreso en esta licenciatura en el ciclo 2023-2024 fue de 4,814. La asignación total de lugares para esta carrera fue de 614, por lo que de cada 8 estudiantes que demandaron la carrera, ingresó 1. El 41% del alumnado de primer ingreso son mujeres y 59% hombres.",Facultad de Ingeniería: 89,Facultad de Ingeniería: 8.32,Asignación total de 614 lugares (conjunto con FES Aragón),"Haber cursado el Área de las Ciencias Físico-Matemáticas. Interés por la optimización de procesos, la productividad y la calidad. Capacidad de liderazgo y trabajo en equipo.","El ingeniero industrial diseña, mejora e implementa sistemas integrados de personas, materiales, información, equipo y energía para optimizar la productividad y calidad en organizaciones.","ingeniería industrial, productividad, calidad, optimización, procesos, logística, cadena de suministro, manufactura","19,3305","-99,1862",
Ingeniería Industrial - FES Aragón,"FES Aragón, Estado de México",Ciencias Físico - Matemáticas y de las Ingenierías,"La demanda a primer ingreso en esta licenciatura en el ciclo 2023-2024 fue de 4,814. La asignación total de lugares para esta carrera fue de 614, por lo que de cada 8 estudiantes que demandaron la carrera, ingresó 1. El 41% del alumnado de primer ingreso son mujeres y 59% hombres.",FES Aragón: 70,FES Aragón: 7.73,Asignación total de 614 lugares (conjunto con Facultad de Ingeniería),"Haber cursado el Área de las Ciencias Físico-Matemáticas. Interés por la optimización de procesos, la productividad y la calidad. Capacidad de liderazgo y trabajo en equipo.","El ingeniero industrial diseña, mejora e implementa sistemas integrados de personas, materiales, información, equipo y energía para optimizar la productividad y calidad en organizaciones.","ingeniería industrial, productividad, calidad, optimización, procesos, logística, cadena de suministro, manufactura","19,4799","-99,0481",
Ingeniería Mecánica - Facultad de Ingeniería,"Facultad de Ingeniería, Ciudad de México",Ciencias Físico - Matemáticas y de las Ingenierías,"La demanda a primer ingreso en esta licenciatura en el ciclo 2023-2024 fue de 1,991. La asignación total de lugares para esta carrera fue de 307, por lo que de cada 6 estudiantes que demandaron la carrera, ingresó 1. El 18% del alumnado de primer ingreso son mujeres y 82% hombres.",Facultad de Ingeniería: 90,Facultad de Ingeniería: 8.40,Asignación total de 307 lugares,"Haber cursado el Área de las Ciencias Físico-Matemáticas. Sólidos conocimientos en matemáticas, física y mecánica. Interés por las máquinas, los mecanismos y los procesos de manufactura.","El ingeniero mecánico diseña, construye, opera y mantiene sistemas mecánicos, térmicos y de fluidos, así como maquinaria y equipo para la industria manufacturera y de transformación.","ingeniería mecánica, mecánica, termodinámica, máquinas, mecanismos, manufactura, diseño mecánico, energía","19,3305","-99,1862",
Ingeniería Mecánica Eléctrica - FES Cuautitlán,"FES Cuautitlán, Estado de México",Ciencias Físico - Matemáticas y de las Ingenierías,"La demanda a primer ingreso en esta licenciatura en el ciclo 2023-2024 fue de 1,116. La asignación total de lugares para esta carrera fue de 225, por lo que de cada 5 estudiantes que demandaron la carrera, ingresó 1. El 14% del alumnado de primer ingreso son mujeres y 86% hombres.",FES Cuautitlán: 60,FES Cuautitlán: 7.32,Asignación total de 225 lugares,"Haber cursado el Área de las Ciencias Físico-Matemáticas. Interés por los sistemas mecánicos y eléctricos, la maquinaria industrial y las instalaciones electromecánicas.","El ingeniero mecánico electricista integra conocimientos de mecánica y electricidad para diseñar, instalar y mantener sistemas electromecánicos en plantas industriales, edificios y sistemas de transporte.","ingeniería mecánica, eléctrica, electromecánica, máquinas eléctricas, instalaciones eléctricas, sistemas mecánicos, mantenimiento industrial","19,6856","-99,1822",
Ingeniería Mecatrónica - Facultad de Ingeniería,"Facultad de Ingeniería, Ciudad de México",Ciencias Físico - Matemáticas y de las Ingenierías,"La demanda a primer ingreso en esta licenciatura en el ciclo 2023-2024 fue de 4,342. La asignación total de lugares para esta carrera fue de 360, por lo que de cada 12 estudiantes que demandaron la carrera, ingresó 1. El 18% del alumnado de primer ingreso son mujeres y 82% hombres.",Facultad de Ingeniería: 101,Facultad de Ingeniería: 9.02,Asignación total de 360 lugares (conjunto con FES Aragón),"Haber cursado el Área de las Ciencias Físico-Matemáticas. Interés por la robótica, la automatización y la integración de sistemas mecánicos, electrónicos y de control. Creatividad e innovación.","El ingeniero mecatrónico integra mecánica, electrónica, control y computación para diseñar, construir y operar sistemas automatizados y productos inteligentes para la industria.","mecatrónica, robótica, automatización, control, electrónica, mecánica, sistemas inteligentes, manufactura automatizada","19,3305","-99,1862",
Ingeniería Mecatrónica - FES Aragón,"FES Aragón, Estado de México",Ciencias Físico - Matemáticas y de las Ingenierías,"La demanda a primer ingreso en esta licenciatura en el ciclo 2023-2024 fue de 4,342. La asignación total de lugares para esta carrera fue de 360, por lo que de cada 12 estudiantes que demandaron la carrera, ingresó 1. El 18% del alumnado de primer ingreso son mujeres y 82% hombres.",FES Aragón: 77,FES Aragón: 8.14,Asignación total de 360 lugares (conjunto con Facultad de Ingeniería),"Haber cursado el Área de las Ciencias Físico-Matemáticas. Interés por la robótica, la automatización y la integración de sistemas mecánicos, electrónicos y de control. Creatividad e innovación.","El ingeniero mecatrónico integra mecánica, electrónica, control y computación para diseñar, construir y operar sistemas automatizados y productos inteligentes para la industria.","mecatrónica, robótica, automatización, control, electrónica, mecánica, sistemas inteligentes, manufactura automatizada","19,4799","-99,0481",
Ingeniería Petrolera - Facultad de Ingeniería,"Facultad de Ingeniería, Ciudad de México",Ciencias Físico - Matemáticas y de las Ingenierías,"La demanda a primer ingreso en esta licenciatura en el ciclo 2023-2024 fue de 494. La asignación total de lugares para esta carrera fue de 107, por lo que de cada 5 estudiantes que demandaron la carrera, ingresó 1. El 35% del alumnado de primer ingreso son mujeres y 65% hombres.",Facultad de Ingeniería: 77,Facultad de Ingeniería: 8.00,Asignación total de 107 lugares,"Haber cursado el Área de las Ciencias Físico-Matemáticas. Interés por la industria petrolera, la exploración y explotación de hidrocarburos. Gusto por el trabajo de campo y en plataformas.","El ingeniero petrolero explora, perfora, extrae y transporta hidrocarburos (petróleo y gas), aplicando tecnologías para maximizar la producción de yacimientos de manera segura y sustentable.","ingeniería petrolera, petróleo, gas, perforación, yacimientos, producción de hidrocarburos, ingeniería de pozos, refinación","19,3305","-99,1862",
Ingeniería Química - Facultad de Química,"Facultad de Química, Ciudad de México",Ciencias Físico - Matemáticas y de las Ingenierías,"La demanda a primer ingreso en esta licenciatura en el ciclo 2023-2024 fue de 1,407. La asignación total de lugares para esta carrera fue de 209, por lo que de cada 7 estudiantes que demandaron la carrera, ingresó 1. El 47% del alumnado de primer ingreso son mujeres y 53% hombres.",Facultad de Química: 88,Facultad de Química: 8.44,Asignación total de 209 lugares,"Haber cursado el Área de las Ciencias Físico-Matemáticas o Químico-Biológicas. Sólidos conocimientos en química, física y matemáticas. Interés por los procesos industriales de transformación química.","El ingeniero químico diseña, opera, controla y optimiza procesos industriales para la transformación física y química de materias primas en productos útiles para la sociedad.","ingeniería química, procesos químicos, industria química, reactores, operaciones unitarias, termodinámica química, fenómenos de transporte","19,3308","-99,1889",
Ingeniería Química Metalúrgica - Facultad de Química,"Facultad de Química, Ciudad de México",Ciencias Físico - Matemáticas y de las Ingenierías,"La demanda a primer ingreso en esta licenciatura en el ciclo 2023-2024 fue de 176. La asignación total de lugares para esta carrera fue de 74, por lo que de cada 2 estudiantes que demandaron la carrera, ingresó 1. El 42% del alumnado de primer ingreso son mujeres y 58% hombres.",Facultad de Química: 69,Facultad de Química: 7.74,Asignación total de 74 lugares,"Haber cursado el Área de las Ciencias Físico-Matemáticas o Químico-Biológicas. Interés por los metales, las aleaciones y los procesos de obtención y transformación metalúrgica.","El ingeniero químico metalúrgico aplica los principios de la química y la ingeniería para extraer y procesar metales a partir de minerales, así como para desarrollar nuevas aleaciones y materiales.","metalurgia, ingeniería química, metales, aleaciones, pirometalurgia, hidrometalurgia, electrometalurgia, materiales","19,3308","-99,1889",
Investigación Biomédica Básica - Facultad de Medicina,"Facultad de Medicina, Ciudad de México","Ciencias Biológicas, Químicas y de la Salud","La demanda a primer ingreso en esta licenciatura en el ciclo 2023-2024 fue de 863. La asignación total de lugares para esta carrera fue de 70, por lo que de cada 12 estudiantes que demandaron la carrera, ingresó 1. El 64% del alumnado de primer ingreso son mujeres y 36% hombres.",Facultad de Medicina: 107,Facultad de Medicina: 9.38,Asignación total de 70 lugares,"Haber cursado el Área de las Ciencias Biológicas, Químicas y de la Salud. Sólidos conocimientos en biología, química y física. Interés por la investigación científica en el área de la salud y la biomedicina.","El investigador biomédico básico genera conocimiento científico sobre los mecanismos moleculares, celulares y fisiológicos de las enfermedades para contribuir al desarrollo de nuevos tratamientos y estrategias de prevención.","investigación biomédica, biomedicina, ciencias básicas, biología molecular, fisiología, bioquímica, investigación en salud, laboratorio","19,3242","-99,1817",
Lengua y Literaturas Hispánicas - FFyL,"Facultad de Filosofía y Letras, Ciudad de México",Humanidades y de las Artes,"La demanda a primer ingreso en esta licenciatura en el ciclo 2023-2024 fue de 288. La asignación total de lugares para esta carrera fue de 139, por lo que de cada 2 estudiantes que demandaron la carrera, ingresó 1. El 60% del alumnado de primer ingreso son mujeres y 40% hombres.",Facultad de Filosofía y Letras: 63,Facultad de Filosofía y Letras: 7.62,Asignación total de 139 lugares,"Haber cursado el Área de las Humanidades y Artes. Gusto por la lectura, la escritura y el análisis de textos literarios. Interés por la lengua española, su estructura y evolución.","El licenciado en Lengua y Literaturas Hispánicas estudia la lengua española en su historia y estructura, así como la producción literaria en español, desarrollando habilidades de análisis, crítica y creación.","letras hispánicas, literatura española, literatura hispanoamericana, lengua española, lingüística hispánica, análisis literario, crítica literaria","19,3349","-99,1879",
Letras Clásicas - FFyL,"Facultad de Filosofía y Letras, Ciudad de México",Humanidades y de las Artes,"La demanda a primer ingreso en esta licenciatura en el ciclo 2023-2024 fue de 106. La asignación total de lugares para esta carrera fue de 68, por lo que de cada 2 estudiantes que demandaron la carrera, ingresó 1. El 46% del alumnado de primer ingreso son mujeres y 54% hombres.",Facultad de Filosofía y Letras: 58,Facultad de Filosofía y Letras: 7.55,Asignación total de 68 lugares,Haber cursado el Área de las Humanidades y Artes. Interés por las lenguas y culturas clásicas (griego y latín) y su influencia en la civilización occidental. Gusto por la lectura y la investigación filológica.,"El licenciado en Letras Clásicas estudia las lenguas, literaturas y culturas de la antigüedad grecolatina, base de la civilización occidental, desarrollando habilidades de análisis filológico y traducción.","letras clásicas, latín, griego antiguo, filología clásica, literatura grecolatina, cultura clásica, etimologías, traducción","19,3349","-99,1879",
Lingüística Aplicada - ENES Morelia,"ENES Unidad Morelia, Michoacán",Humanidades y de las Artes,"La demanda a primer ingreso en esta licenciatura en el ciclo 2023-2024 fue de 141. La asignación total de lugares para esta carrera fue de 63, por lo que de cada 2 estudiantes que demandaron la carrera, ingresó 1. El 60% del alumnado de primer ingreso son mujeres y 40% hombres.",ENES Unidad Morelia: 55,ENES Unidad Morelia: 7.62,Información no disponible,"Haber cursado el Área de las Humanidades y Artes. Interés por el lenguaje, las lenguas y su aplicación en contextos reales (enseñanza, traducción, políticas lingüísticas). Capacidad de análisis.","El lingüista aplicado utiliza los conocimientos teóricos de la lingüística para resolver problemas relacionados con el lenguaje en ámbitos como la educación, la traducción, la tecnología y la sociedad.","lingüística aplicada, lenguaje, lenguas, enseñanza de lenguas, traducción, psicolingüística, sociolingüística, tecnologías del lenguaje","19,649","-101,225",
Literatura Dramática y Teatro - FFyL,"Facultad de Filosofía y Letras, Ciudad de México",Humanidades y de las Artes,"La demanda a primer ingreso en esta licenciatura en el ciclo 2023-2024 fue de 341. La asignación total de lugares para esta carrera fue de 82, por lo que de cada 4 estudiantes que demandaron la carrera, ingresó 1. El 63% del alumnado de primer ingreso son mujeres y 37% hombres.",Facultad de Filosofía y Letras: 70,Facultad de Filosofía y Letras: 7.84,Asignación total de 82 lugares,"Haber cursado el Área de las Humanidades y Artes. Interés por el teatro, la dramaturgia, la actuación y la puesta en escena. Creatividad, sensibilidad artística y capacidad de trabajo en equipo.","El licenciado en Literatura Dramática y Teatro analiza, crea y pone en escena obras teatrales, combinando el estudio de la teoría dramática con la práctica escénica.","teatro, dramaturgia, actuación, dirección escénica, literatura dramática, puesta en escena, artes escénicas, guionismo teatral","19,3349","-99,1879",
Literatura Intercultural - ENES Morelia,"ENES Unidad Morelia, Michoacán",Humanidades y de las Artes,"La demanda a primer ingreso en esta licenciatura en el ciclo 2023-2024 fue de 89. La asignación total de lugares para esta carrera fue de 57, por lo que de cada 2 estudiantes que demandaron la carrera, ingresó 1. El 56% del alumnado de primer ingreso son mujeres y 44% hombres.",ENES Unidad Morelia: 57,ENES Unidad Morelia: 7.66,Información no disponible,"Haber cursado el Área de las Humanidades y Artes. Interés por la literatura, la diversidad cultural y el diálogo entre culturas. Gusto por la lectura y el análisis crítico.","El licenciado en Literatura Intercultural estudia las expresiones literarias de diferentes culturas, especialmente las originarias de México y América, promoviendo el diálogo intercultural.","literatura, interculturalidad, literatura mexicana, literatura indígena, estudios culturales, diversidad cultural, análisis literario","19,649","-101,225",
Manejo Sustentable de Zonas Costeras - ENES Mérida,"ENES Unidad Mérida, Yucatán","Ciencias Biológicas, Químicas y de la Salud","La demanda a primer ingreso en esta licenciatura en el ciclo 2023-2024 fue de 218. La asignación total de lugares para esta carrera fue de 82, por lo que de cada 3 estudiantes que demandaron la carrera, ingresó 1. El 54% del alumnado de primer ingreso son mujeres y 46% hombres.",ENES Unidad Mérida: 59,ENES Unidad Mérida: 7.59,Asignación total de 82 lugares,"Haber cursado el Área de las Ciencias Biológicas, Químicas y de la Salud. Interés por los ecosistemas costeros, el mar y la sustentabilidad. Gusto por el trabajo de campo y la investigación aplicada.","El licenciado en Manejo Sustentable de Zonas Costeras analiza y gestiona los recursos de las zonas costeras de manera integral, promoviendo su conservación y desarrollo sustentable.","zonas costeras, manejo costero, ecosistemas marinos, sustentabilidad, recursos costeros, oceanografía, ecología marina","21,0496","-89,6204",
Matemáticas - Facultad de Ciencias,"Facultad de Ciencias, Ciudad de México",Ciencias Físico - Matemáticas y de las Ingenierías,"La demanda a primer ingreso en esta licenciatura en el ciclo 2023-2024 fue de 760. La asignación total de lugares para esta carrera fue de 194, por lo que de cada 4 estudiantes que demandaron la carrera, ingresó 1. El 36% del alumnado de primer ingreso son mujeres y 64% hombres.",Facultad de Ciencias: 90,Facultad de Ciencias: 8.50,Asignación total de 194 lugares,"Haber cursado el Área de las Ciencias Físico-Matemáticas. Sólidos conocimientos y gusto por las matemáticas puras. Capacidad de abstracción, razonamiento lógico y demostración formal.","El matemático estudia las propiedades y relaciones de los entes abstractos (números, figuras, estructuras) mediante el razonamiento lógico, desarrollando teorías aplicables a diversas ciencias.","matemáticas, álgebra, geometría, análisis matemático, matemáticas puras, lógica, topología, teoría de números","19,3243","-99,1796",
Matemáticas Aplicadas - Facultad de Ciencias,"Facultad de Ciencias, Ciudad de México",Ciencias Físico - Matemáticas y de las Ingenierías,"La demanda a primer ingreso en esta licenciatura en el ciclo 2023-2024 fue de 338. La asignación total de lugares para esta carrera fue de 73, por lo que de cada 5 estudiantes que demandaron la carrera, ingresó 1. El 41% del alumnado de primer ingreso son mujeres y 59% hombres.",Facultad de Ciencias: 88,Facultad de Ciencias: 8.38,Asignación total de 73 lugares,Haber cursado el Área de las Ciencias Físico-Matemáticas. Gusto por las matemáticas y su aplicación en problemas concretos de otras ciencias o la industria. Capacidad de modelación matemática.,"El matemático aplicado utiliza herramientas matemáticas para modelar, analizar y resolver problemas de otras disciplinas como física, biología, economía o ingeniería.","matemáticas aplicadas, modelación matemática, métodos numéricos, optimización, probabilidad, estadística, matemáticas industriales","19,3243","-99,1796",
Matemáticas Aplicadas y Computación - FES Acatlán,"FES Acatlán, Estado de México",Ciencias Físico - Matemáticas y de las Ingenierías,"La demanda a primer ingreso en esta licenciatura en el ciclo 2023-2024 fue de 1,465. La asignación total de lugares para esta carrera fue de 166, por lo que de cada 9 estudiantes que demandaron la carrera, ingresó 1. El 34% del alumnado de primer ingreso son mujeres y 66% hombres.",FES Acatlán: 75,FES Acatlán: 7.86,Asignación total de 166 lugares,"Haber cursado el Área de las Ciencias Físico-Matemáticas. Interés por las matemáticas, la computación y la aplicación de ambas en la solución de problemas. Gusto por la programación.","El licenciado en Matemáticas Aplicadas y Computación integra el conocimiento matemático con las herramientas computacionales para resolver problemas complejos en ciencia, tecnología e industria.","matemáticas aplicadas, computación, programación, análisis numérico, simulación, optimización, ciencia de datos","19,5135","-99,2484",
Matemáticas para el Desarrollo - ENES León,"ENES Unidad León, Guanajuato",Ciencias Físico - Matemáticas y de las Ingenierías,"La demanda a primer ingreso en esta licenciatura en el ciclo 2023-2024 fue de 38. La asignación total de lugares para esta carrera fue de 28, por lo que de cada 1 estudiante que demandó la carrera, ingresó 1. El 46% del alumnado de primer ingreso son mujeres y 54% hombres.",ENES Unidad León: 45,ENES Unidad León: 7.40,Información no disponible,Haber cursado el Área de las Ciencias Físico-Matemáticas. Interés por las matemáticas y su aplicación en el desarrollo social y económico. Vocación por resolver problemas del entorno.,"El licenciado en Matemáticas para el Desarrollo aplica el razonamiento matemático y computacional para atender problemáticas del desarrollo regional y nacional en áreas como economía, salud y medio ambiente.","matemáticas, desarrollo, modelación, optimización, estadística aplicada, desarrollo regional, matemáticas sociales","21,0382","-101,6589",
Médico Cirujano - Facultad de Medicina,"Facultad de Medicina, Ciudad de México","Ciencias Biológicas, Químicas y de la Salud","La demanda a primer ingreso en esta licenciatura en el ciclo 2023-2024 fue de 37,579. La asignación total de lugares para esta carrera fue de 1,569, por lo que de cada 24 estudiantes que demandaron la carrera, ingresó 1. El 63% del alumnado de primer ingreso son mujeres y 37% hombres.",Facultad de Medicina: 113,Facultad de Medicina: 9.39,"Asignación total de 1,569 lugares (conjunto todas las sedes)","Haber cursado el Área de las Ciencias Biológicas, Químicas y de la Salud. Sólidos conocimientos en biología, química, física y matemáticas. Vocación de servicio, empatía, ética y resistencia al estrés.","El Médico Cirujano es el profesional que previene, diagnostica, trata y rehabilita las enfermedades del ser humano, promoviendo la salud individual y colectiva con un enfoque científico, ético y humanista.","medicina, médico cirujano, salud, enfermedad, diagnóstico, tratamiento, clínica, cirugía, salud pública","19,3242","-99,1817",
Médico Cirujano - FES Iztacala,"FES Iztacala, Estado de México","Ciencias Biológicas, Químicas y de la Salud","La demanda a primer ingreso en esta licenciatura en el ciclo 2023-2024 fue de 37,579. La asignación total de lugares para esta carrera fue de 1,569, por lo que de cada 24 estudiantes que demandaron la carrera, ingresó 1. El 63% del alumnado de primer ingreso son mujeres y 37% hombres.",FES Iztacala: 104,FES Iztacala: 9.06,"Asignación total de 1,569 lugares (conjunto todas las sedes)","Haber cursado el Área de las Ciencias Biológicas, Químicas y de la Salud. Sólidos conocimientos en biología, química, física y matemáticas. Vocación de servicio, empatía, ética y resistencia al estrés.","El Médico Cirujano es el profesional que previene, diagnostica, trata y rehabilita las enfermedades del ser humano, promoviendo la salud individual y colectiva con un enfoque científico, ético y humanista.","medicina, médico cirujano, salud, enfermedad, diagnóstico, tratamiento, clínica, cirugía, salud pública","19,5207","-99,1898",
Médico Cirujano - FES Zaragoza,"FES Zaragoza, Estado de México","Ciencias Biológicas, Químicas y de la Salud","La demanda a primer ingreso en esta licenciatura en el ciclo 2023-2024 fue de 37,579. La asignación total de lugares para esta carrera fue de 1,569, por lo que de cada 24 estudiantes que demandaron la carrera, ingresó 1. El 63% del alumnado de primer ingreso son mujeres y 37% hombres.",FES Zaragoza: 106,FES Zaragoza: 9.12,"Asignación total de 1,569 lugares (conjunto todas las sedes)","Haber cursado el Área de las Ciencias Biológicas, Químicas y de la Salud. Sólidos conocimientos en biología, química, física y matemáticas. Vocación de servicio, empatía, ética y resistencia al estrés.","El Médico Cirujano es el profesional que previene, diagnostica, trata y rehabilita las enfermedades del ser humano, promoviendo la salud individual y colectiva con un enfoque científico, ético y humanista.","medicina, médico cirujano, salud, enfermedad, diagnóstico, tratamiento, clínica, cirugía, salud pública","19,3936","-99,0383",
Medicina Veterinaria y Zootecnia - FMVZ,"Facultad de Medicina Veterinaria y Zootecnia, Ciudad de México","Ciencias Biológicas, Químicas y de la Salud","La demanda a primer ingreso en esta licenciatura en el ciclo 2023-2024 fue de 6,680. La asignación total de lugares para esta carrera fue de 700, por lo que de cada 10 estudiantes que demandaron la carrera, ingresó 1. El 64% del alumnado de primer ingreso son mujeres y 36% hombres.",FMVZ: 97,FMVZ: 8.83,Asignación total de 700 lugares (conjunto con FES Cuautitlán),"Haber cursado el Área de las Ciencias Biológicas, Químicas y de la Salud. Interés por los animales, su salud, producción y bienestar. Gusto por el trabajo de campo y la investigación.","El Médico Veterinario Zootecnista previene, diagnostica y trata las enfermedades de los animales, además de promover su producción eficiente y sustentable para beneficio de la sociedad.","veterinaria, zootecnia, animales, salud animal, producción animal, medicina veterinaria, bienestar animal, inocuidad alimentaria","19,3238","-99,1848",
Medicina Veterinaria y Zootecnia - FES Cuautitlán,"FES Cuautitlán, Estado de México","Ciencias Biológicas, Químicas y de la Salud","La demanda a primer ingreso en esta licenciatura en el ciclo 2023-2024 fue de 6,680. La asignación total de lugares para esta carrera fue de 700, por lo que de cada 10 estudiantes que demandaron la carrera, ingresó 1. El 64% del alumnado de primer ingreso son mujeres y 36% hombres.",FES Cuautitlán: 83,FES Cuautitlán: 8.28,Asignación total de 700 lugares (conjunto con FMVZ),"Haber cursado el Área de las Ciencias Biológicas, Químicas y de la Salud. Interés por los animales, su salud, producción y bienestar. Gusto por el trabajo de campo y la investigación.","El Médico Veterinario Zootecnista previene, diagnostica y trata las enfermedades de los animales, además de promover su producción eficiente y sustentable para beneficio de la sociedad.","veterinaria, zootecnia, animales, salud animal, producción animal, medicina veterinaria, bienestar animal, inocuidad alimentaria","19,6856","-99,1822",
Música - Canto - Facultad de Música,"Facultad de Música, Ciudad de México",Humanidades y de las Artes,"La demanda a primer ingreso en esta licenciatura en el ciclo 2023-2024 fue de 114. La asignación total de lugares para esta carrera fue de 28, por lo que de cada 4 estudiantes que demandaron la carrera, ingresó 1. El 61% del alumnado de primer ingreso son mujeres y 39% hombres.",Facultad de Música: 60,Facultad de Música: 7.80,Asignación total de 28 lugares,"Haber cursado el Área de las Humanidades y Artes. Talento vocal, aptitudes musicales y conocimientos básicos de teoría musical. Disciplina, sensibilidad artística y vocación escénica.","El cantante profesional domina la técnica vocal para interpretar obras del repertorio lírico y de concierto, desarrollando una carrera como solista o en agrupaciones corales.","música, canto, técnica vocal, ópera, repertorio vocal, música de concierto, solista, coro","19,3322","-99,187",
Música - Composición - Facultad de Música,"Facultad de Música, Ciudad de México",Humanidades y de las Artes,"La demanda a primer ingreso en esta licenciatura en el ciclo 2023-2024 fue de 77. La asignación total de lugares para esta carrera fue de 31, por lo que de cada 2 estudiantes que demandaron la carrera, ingresó 1. El 16% del alumnado de primer ingreso son mujeres y 84% hombres.",Facultad de Música: 65,Facultad de Música: 8.10,Asignación total de 31 lugares,"Haber cursado el Área de las Humanidades y Artes. Conocimientos sólidos de teoría musical, armonía y contrapunto. Creatividad, capacidad de análisis y vocación por la creación musical.",El compositor crea obras musicales originales aplicando técnicas de composición y orquestación para diversos géneros y formatos instrumentales o vocales.,"música, composición musical, teoría musical, armonía, contrapunto, orquestación, creación musical","19,3322","-99,187",
Música - Educación Musical - Facultad de Música,"Facultad de Música, Ciudad de México",Humanidades y de las Artes,"La demanda a primer ingreso en esta licenciatura en el ciclo 2023-2024 fue de 94. La asignación total de lugares para esta carrera fue de 33, por lo que de cada 3 estudiantes que demandaron la carrera, ingresó 1. El 36% del alumnado de primer ingreso son mujeres y 64% hombres.",Facultad de Música: 55,Facultad de Música: 7.70,Asignación total de 33 lugares,Haber cursado el Área de las Humanidades y Artes. Conocimientos musicales básicos y vocación por la docencia. Interés por la pedagogía y la didáctica de la música.,"El educador musical está formado para planear, conducir y evaluar procesos de enseñanza-aprendizaje musical en diversos niveles educativos y contextos sociales.","música, educación musical, pedagogía musical, didáctica musical, docencia, enseñanza de la música, formación musical","19,3322","-99,187",
Música - Instrumentista - Facultad de Música,"Facultad de Música, Ciudad de México",Humanidades y de las Artes,"La demanda a primer ingreso en esta licenciatura en el ciclo 2023-2024 fue de 560. La asignación total de lugares para esta carrera fue de 126, por lo que de cada 4 estudiantes que demandaron la carrera, ingresó 1. El 32% del alumnado de primer ingreso son mujeres y 68% hombres.",Facultad de Música: 60,Facultad de Música: 7.90,Asignación total de 126 lugares,"Haber cursado el Área de las Humanidades y Artes. Dominio técnico previo de un instrumento musical y conocimientos de teoría musical. Disciplina, dedicación y sensibilidad artística.","El instrumentista profesional domina la técnica y el repertorio de un instrumento musical específico para desempeñarse como solista, en orquestas o en agrupaciones de cámara.","música, instrumentista, instrumento musical, ejecución musical, repertorio instrumental, orquesta, música de cámara, solista","19,3322","-99,187",
Música - Piano - Facultad de Música,"Facultad de Música, Ciudad de México",Humanidades y de las Artes,"La demanda a primer ingreso en esta licenciatura en el ciclo 2023-2024 fue de 120. La asignación total de lugares para esta carrera fue de 28, por lo que de cada 4 estudiantes que demandaron la carrera, ingresó 1. El 54% del alumnado de primer ingreso son mujeres y 46% hombres.",Facultad de Música: 65,Facultad de Música: 8.10,Asignación total de 28 lugares,"Haber cursado el Área de las Humanidades y Artes. Dominio técnico previo del piano y conocimientos de teoría musical. Disciplina, dedicación y sensibilidad artística.","El pianista profesional domina la técnica y el repertorio del piano para desempeñarse como solista, en música de cámara o como acompañante.","música, piano, pianista, técnica pianística, repertorio pianístico, música de cámara, solista, acompañamiento","19,3322","-99,187",
Música y Tecnología Artística - ENES Morelia,"ENES Unidad Morelia, Michoacán",Humanidades y de las Artes,"La demanda a primer ingreso en esta licenciatura en el ciclo 2023-2024 fue de 107. La asignación total de lugares para esta carrera fue de 39, por lo que de cada 3 estudiantes que demandaron la carrera, ingresó 1. El 28% del alumnado de primer ingreso son mujeres y 72% hombres.",ENES Unidad Morelia: 65,ENES Unidad Morelia: 7.88,Información no disponible,Haber cursado el Área de las Humanidades y Artes o Físico-Matemáticas. Interés por la música y la tecnología aplicada a la creación sonora. Conocimientos musicales básicos y gusto por la innovación.,"El licenciado en Música y Tecnología Artística integra conocimientos musicales con herramientas tecnológicas para la creación, producción y difusión de obras sonoras y multimedia.","música, tecnología musical, producción musical, audio digital, composición electroacústica, arte sonoro, multimedia, acústica","19,649","-101,225",
Nanotecnología - Facultad de Ciencias,"Facultad de Ciencias, Ciudad de México",Ciencias Físico - Matemáticas y de las Ingenierías,"La demanda a primer ingreso en esta licenciatura en el ciclo 2023-2024 fue de 713. La asignación total de lugares para esta carrera fue de 67, por lo que de cada 11 estudiantes que demandaron la carrera, ingresó 1. El 49% del alumnado de primer ingreso son mujeres y 51% hombres.",Facultad de Ciencias: 101,Facultad de Ciencias: 9.00,Asignación total de 67 lugares,"Haber cursado el Área de las Ciencias Físico-Matemáticas o Químico-Biológicas. Sólidos conocimientos en física, química, matemáticas y biología. Interés por la ciencia de vanguardia a escala nanométrica.","El nanotecnólogo estudia y manipula la materia a escala nanométrica para desarrollar nuevos materiales, dispositivos y sistemas con propiedades únicas para aplicaciones en diversas industrias.","nanotecnología, nanociencia, materiales nanoestructurados, nanomateriales, física de partículas, química supramolecular, biotecnología, innovación","19,3243","-99,1796",
Negocios Internacionales - ENES Juriquilla,"ENES Unidad Juriquilla, Querétaro",Ciencias Sociales,"La demanda a primer ingreso en esta licenciatura en el ciclo 2023-2024 fue de 1,143. La asignación total de lugares para esta carrera fue de 111, por lo que de cada 10 estudiantes que demandaron la carrera, ingresó 1. El 56% del alumnado de primer ingreso son mujeres y 44% hombres.",ENES Unidad Juriquilla: 82,ENES Unidad Juriquilla: 8.20,Asignación total de 111 lugares,"Haber cursado el Área de las Ciencias Sociales. Interés por el comercio internacional, los negocios globales y las relaciones económicas. Dominio del inglés y gusto por otras culturas.","El licenciado en Negocios Internacionales analiza y gestiona operaciones comerciales y de inversión en el ámbito global, considerando los aspectos económicos, legales y culturales de los mercados internacionales.","negocios internacionales, comercio internacional, globalización, logística internacional, mercadotecnia global, finanzas internacionales, aduanas","20,7033","-100,4487",
Neurociencias - ENES Juriquilla,"ENES Unidad Juriquilla, Querétaro","Ciencias Biológicas, Químicas y de la Salud","La demanda a primer ingreso en esta licenciatura en el ciclo 2023-2024 fue de 1,067. La asignación total de lugares para esta carrera fue de 85, por lo que de cada 13 estudiantes que demandaron la carrera, ingresó 1. El 61% del alumnado de primer ingreso son mujeres y 39% hombres.",ENES Unidad Juriquilla: 99,ENES Unidad Juriquilla: 9.00,Asignación total de 85 lugares,"Haber cursado el Área de las Ciencias Biológicas, Químicas y de la Salud. Sólidos conocimientos en biología, química y física. Interés por el sistema nervioso, el cerebro y la conducta.","El neurocientífico estudia la estructura, función, desarrollo y patologías del sistema nervioso desde una perspectiva multidisciplinaria para comprender las bases biológicas de la conducta y la cognición.","neurociencias, cerebro, sistema nervioso, neurobiología, neurofisiología, cognición, conducta, neurociencia cognitiva","20,7033","-100,4487",
Nutriología - FES Zaragoza,"FES Zaragoza, Estado de México","Ciencias Biológicas, Químicas y de la Salud","La demanda a primer ingreso en esta licenciatura en el ciclo 2023-2024 fue de 1,489. La asignación total de lugares para esta carrera fue de 122, por lo que de cada 12 estudiantes que demandaron la carrera, ingresó 1. El 74% del alumnado de primer ingreso son mujeres y 26% hombres.",FES Zaragoza: 89,FES Zaragoza: 8.48,Asignación total de 122 lugares,"Haber cursado el Área de las Ciencias Biológicas, Químicas y de la Salud. Conocimientos de biología, química y matemáticas. Interés por la alimentación, la nutrición y la salud pública.","El nutriólogo es el profesional que evalúa el estado de nutrición de individuos y poblaciones, y diseña e implementa planes de alimentación para promover la salud y prevenir enfermedades.","nutriología, nutrición, alimentación, dietética, salud, metabolismo, nutrición clínica, nutrición comunitaria","19,3936","-99,0383",
Odontología - FES Iztacala,"FES Iztacala, Estado de México","Ciencias Biológicas, Químicas y de la Salud","La demanda a primer ingreso en esta licenciatura en el ciclo 2023-2024 fue de 2,140. La asignación total de lugares para esta carrera fue de 239, por lo que de cada 9 estudiantes que demandaron la carrera, ingresó 1. El 68% del alumnado de primer ingreso son mujeres y 32% hombres.",FES Iztacala: 89,FES Iztacala: 8.49,Asignación total de 239 lugares,"Haber cursado el Área de las Ciencias Biológicas, Químicas y de la Salud. Habilidad manual fina y psicomotricidad. Vocación de servicio y ética profesional.","El odontólogo es el profesional que previene, diagnostica y trata las enfermedades del sistema estomatognático, restaurando la salud bucal de los pacientes.","odontología, salud bucal, dientes, estomatología, operatoria dental, endodoncia, periodoncia, ortodoncia","19,5207","-99,1898",
Optometría - FES Iztacala,"FES Iztacala, Estado de México","Ciencias Biológicas, Químicas y de la Salud","La demanda a primer ingreso en esta licenciatura en el ciclo 2023-2024 fue de 1,308. La asignación total de lugares para esta carrera fue de 182, por lo que de cada 7 estudiantes que demandaron la carrera, ingresó 1. El 67% del alumnado de primer ingreso son mujeres y 33% hombres.",FES Iztacala: 85,FES Iztacala: 8.30,Asignación total de 182 lugares,"Haber cursado el Área de las Ciencias Biológicas, Químicas y de la Salud o Físico-Matemáticas. Interés por la salud visual y la óptica. Habilidad manual y vocación de servicio.","El optometrista es el profesional que evalúa, diagnostica y trata las alteraciones visuales no patológicas, prescribiendo lentes y realizando terapias visuales para mejorar la calidad de vida.","optometría, salud visual, lentes, optometría clínica, contactología, terapia visual, óptica, refracción","19,5207","-99,1898",
Órtesis y Prótesis - ENES Juriquilla,"ENES Unidad Juriquilla, Querétaro","Ciencias Biológicas, Químicas y de la Salud","La demanda a primer ingreso en esta licenciatura en el ciclo 2023-2024 fue de 177. La asignación total de lugares para esta carrera fue de 41, por lo que de cada 4 estudiantes que demandaron la carrera, ingresó 1. El 66% del alumnado de primer ingreso son mujeres y 34% hombres.",ENES Unidad Juriquilla: 74,ENES Unidad Juriquilla: 8.00,Asignación total de 41 lugares,"Haber cursado el Área de las Ciencias Biológicas, Químicas y de la Salud o Físico-Matemáticas. Interés por la rehabilitación física, la biomecánica y la tecnología médica. Habilidad manual y creatividad.","El licenciado en Órtesis y Prótesis diseña, fabrica y adapta dispositivos ortopédicos (órtesis) y prótesis para restaurar la función y mejorar la calidad de vida de personas con discapacidad.","órtesis, prótesis, rehabilitación, biomecánica, ortopedia, tecnología asistiva, discapacidad, dispositivos médicos","20,7033","-100,4487",
Pedagogía - FFyL,"Facultad de Filosofía y Letras, Ciudad de México",Humanidades y de las Artes,"La demanda a primer ingreso en esta licenciatura en el ciclo 2023-2024 fue de 5,010. La asignación total de lugares para esta carrera fue de 843, por lo que de cada 6 estudiantes que demandaron la carrera, ingresó 1. El 75% del alumnado de primer ingreso son mujeres y 25% hombres.",Facultad de Filosofía y Letras: 70,Facultad de Filosofía y Letras: 7.84,Asignación total de 843 lugares (conjunto todas las sedes),"Haber cursado el Área de las Humanidades y Artes o Ciencias Sociales. Interés por la educación, la enseñanza y el aprendizaje. Vocación de servicio y capacidad de análisis.","El pedagogo es el profesional que analiza, diseña, implementa y evalúa procesos educativos en diversos contextos, desde el ámbito escolar hasta el organizacional y comunitario.","pedagogía, educación, didáctica, currículo, evaluación educativa, formación docente, intervención educativa, orientación educativa","19,3349","-99,1879",
Pedagogía - FES Acatlán,"FES Acatlán, Estado de México",Humanidades y de las Artes,"La demanda a primer ingreso en esta licenciatura en el ciclo 2023-2024 fue de 5,010. La asignación total de lugares para esta carrera fue de 843, por lo que de cada 6 estudiantes que demandaron la carrera, ingresó 1. El 75% del alumnado de primer ingreso son mujeres y 25% hombres.",FES Acatlán: 64,FES Acatlán: 7.68,Asignación total de 843 lugares (conjunto todas las sedes),"Haber cursado el Área de las Humanidades y Artes o Ciencias Sociales. Interés por la educación, la enseñanza y el aprendizaje. Vocación de servicio y capacidad de análisis.","El pedagogo es el profesional que analiza, diseña, implementa y evalúa procesos educativos en diversos contextos, desde el ámbito escolar hasta el organizacional y comunitario.","pedagogía, educación, didáctica, currículo, evaluación educativa, formación docente, intervención educativa, orientación educativa","19,5135","-99,2484",
Pedagogía - FES Aragón,"FES Aragón, Estado de México",Humanidades y de las Artes,"La demanda a primer ingreso en esta licenciatura en el ciclo 2023-2024 fue de 5,010. La asignación total de lugares para esta carrera fue de 843, por lo que de cada 6 estudiantes que demandaron la carrera, ingresó 1. El 75% del alumnado de primer ingreso son mujeres y 25% hombres.",FES Aragón: 64,FES Aragón: 7.64,Asignación total de 843 lugares (conjunto todas las sedes),"Haber cursado el Área de las Humanidades y Artes o Ciencias Sociales. Interés por la educación, la enseñanza y el aprendizaje. Vocación de servicio y capacidad de análisis.","El pedagogo es el profesional que analiza, diseña, implementa y evalúa procesos educativos en diversos contextos, desde el ámbito escolar hasta el organizacional y comunitario.","pedagogía, educación, didáctica, currículo, evaluación educativa, formación docente, intervención educativa, orientación educativa","19,4799","-99,0481",
Planificación para el Desarrollo Agropecuario - ENES León,"ENES Unidad León, Guanajuato",Ciencias Sociales,"La demanda a primer ingreso en esta licenciatura en el ciclo 2023-2024 fue de 28. La asignación total de lugares para esta carrera fue de 23, por lo que de cada 1 estudiante que demandó la carrera, ingresó 1. El 57% del alumnado de primer ingreso son mujeres y 43% hombres.",ENES Unidad León: 45,ENES Unidad León: 7.30,Información no disponible,"Haber cursado el Área de las Ciencias Sociales o Biológicas. Interés por el desarrollo rural, la planeación y el sector agropecuario. Vocación por el trabajo comunitario.",El planificador para el desarrollo agropecuario diseña y gestiona proyectos y políticas para impulsar el desarrollo del sector rural y agropecuario con un enfoque sustentable y participativo.,"planeación, desarrollo agropecuario, desarrollo rural, políticas públicas, sector agropecuario, proyectos productivos, sustentabilidad","21,0382","-101,6589",
Psicología - Facultad de Psicología,"Facultad de Psicología, Ciudad de México",Ciencias Sociales,"La demanda a primer ingreso en esta licenciatura en el ciclo 2023-2024 fue de 15,815. La asignación total de lugares para esta carrera fue de 1,692, por lo que de cada 9 estudiantes que demandaron la carrera, ingresó 1. El 73% del alumnado de primer ingreso son mujeres y 27% hombres.",Facultad de Psicología: 88,Facultad de Psicología: 8.20,"Asignación total de 1,692 lugares (conjunto todas las sedes)","Haber cursado el Área de las Ciencias Sociales o Biológicas y de la Salud. Interés por el comportamiento humano, los procesos mentales y la salud mental. Empatía y capacidad de escucha.","El psicólogo estudia el comportamiento y los procesos mentales del ser humano para promover la salud mental, prevenir trastornos y contribuir al bienestar individual y social.","psicología, comportamiento humano, salud mental, psicología clínica, psicología social, psicología educativa, psicología organizacional","19,3292","-99,1875",
Psicología - FES Iztacala,"FES Iztacala, Estado de México",Ciencias Sociales,"La demanda a primer ingreso en esta licenciatura en el ciclo 2023-2024 fue de 15,815. La asignación total de lugares para esta carrera fue de 1,692, por lo que de cada 9 estudiantes que demandaron la carrera, ingresó 1. El 73% del alumnado de primer ingreso son mujeres y 27% hombres.",FES Iztacala: 79,FES Iztacala: 7.95,"Asignación total de 1,692 lugares (conjunto todas las sedes)","Haber cursado el Área de las Ciencias Sociales o Biológicas y de la Salud. Interés por el comportamiento humano, los procesos mentales y la salud mental. Empatía y capacidad de escucha.","El psicólogo estudia el comportamiento y los procesos mentales del ser humano para promover la salud mental, prevenir trastornos y contribuir al bienestar individual y social.","psicología, comportamiento humano, salud mental, psicología clínica, psicología social, psicología educativa, psicología organizacional","19,5207","-99,1898",
Psicología - FES Zaragoza,"FES Zaragoza, Estado de México",Ciencias Sociales,"La demanda a primer ingreso en esta licenciatura en el ciclo 2023-2024 fue de 15,815. La asignación total de lugares para esta carrera fue de 1,692, por lo que de cada 9 estudiantes que demandaron la carrera, ingresó 1. El 73% del alumnado de primer ingreso son mujeres y 27% hombres.",FES Zaragoza: 81,FES Zaragoza: 7.99,"Asignación total de 1,692 lugares (conjunto todas las sedes)","Haber cursado el Área de las Ciencias Sociales o Biológicas y de la Salud. Interés por el comportamiento humano, los procesos mentales y la salud mental. Empatía y capacidad de escucha.","El psicólogo estudia el comportamiento y los procesos mentales del ser humano para promover la salud mental, prevenir trastornos y contribuir al bienestar individual y social.","psicología, comportamiento humano, salud mental, psicología clínica, psicología social, psicología educativa, psicología organizacional","19,3936","-99,0383",
Química - Facultad de Química,"Facultad de Química, Ciudad de México","Ciencias Biológicas, Químicas y de la Salud","La demanda a primer ingreso en esta licenciatura en el ciclo 2023-2024 fue de 943. La asignación total de lugares para esta carrera fue de 168, por lo que de cada 6 estudiantes que demandaron la carrera, ingresó 1. El 55% del alumnado de primer ingreso son mujeres y 45% hombres.",Facultad de Química: 84,Facultad de Química: 8.32,Asignación total de 168 lugares,"Haber cursado el Área de las Ciencias Biológicas, Químicas y de la Salud o Físico-Matemáticas. Sólidos conocimientos en química, física y matemáticas. Gusto por la investigación y el trabajo de laboratorio.","El químico estudia la composición, estructura, propiedades y transformaciones de la materia, generando conocimiento y desarrollando nuevos compuestos y materiales.","química, química orgánica, química inorgánica, fisicoquímica, química analítica, bioquímica, laboratorio químico","19,3308","-99,1889",
Química de Alimentos - Facultad de Química,"Facultad de Química, Ciudad de México","Ciencias Biológicas, Químicas y de la Salud","La demanda a primer ingreso en esta licenciatura en el ciclo 2023-2024 fue de 513. La asignación total de lugares para esta carrera fue de 66, por lo que de cada 8 estudiantes que demandaron la carrera, ingresó 1. El 71% del alumnado de primer ingreso son mujeres y 29% hombres.",Facultad de Química: 85,Facultad de Química: 8.28,Asignación total de 66 lugares,"Haber cursado el Área de las Ciencias Biológicas, Químicas y de la Salud. Interés por los alimentos, su composición química y su análisis. Gusto por el trabajo de laboratorio.","El químico de alimentos analiza la composición química de los alimentos, estudia sus transformaciones durante el procesamiento y asegura su calidad e inocuidad.","química de alimentos, bromatología, análisis de alimentos, inocuidad alimentaria, composición de alimentos, tecnología de alimentos, laboratorio de alimentos","19,3308","-99,1889",
Química e Ingeniería en Materiales - Facultad de Química,"Facultad de Química, Ciudad de México",Ciencias Físico - Matemáticas y de las Ingenierías,"La demanda a primer ingreso en esta licenciatura en el ciclo 2023-2024 fue de 375. La asignación total de lugares para esta carrera fue de 69, por lo que de cada 5 estudiantes que demandaron la carrera, ingresó 1. El 52% del alumnado de primer ingreso son mujeres y 48% hombres.",Facultad de Química: 80,Facultad de Química: 8.20,Asignación total de 69 lugares,"Haber cursado el Área de las Ciencias Físico-Matemáticas o Químico-Biológicas. Interés por los materiales, su estructura, propiedades y aplicaciones. Gusto por la investigación y la innovación.","El licenciado en Química e Ingeniería en Materiales estudia la relación entre la estructura, propiedades, procesamiento y desempeño de los materiales para desarrollar nuevos materiales con aplicaciones tecnológicas.","materiales, química de materiales, ingeniería de materiales, polímeros, cerámicos, metales, materiales compuestos, nanotecnología","19,3308","-99,1889",
Química Farmacéutico Biológica - Facultad de Química,"Facultad de Química, Ciudad de México","Ciencias Biológicas, Químicas y de la Salud","La demanda a primer ingreso en esta licenciatura en el ciclo 2023-2024 fue de 1,868. La asignación total de lugares para esta carrera fue de 199, por lo que de cada 9 estudiantes que demandaron la carrera, ingresó 1. El 66% del alumnado de primer ingreso son mujeres y 34% hombres.",Facultad de Química: 95,Facultad de Química: 8.71,Asignación total de 199 lugares,"Haber cursado el Área de las Ciencias Biológicas, Químicas y de la Salud. Sólidos conocimientos en química, biología y matemáticas. Interés por los medicamentos, su desarrollo, análisis y producción.","El Químico Farmacéutico Biólogo es el profesional que investiga, desarrolla, produce, controla y evalúa medicamentos y productos biológicos para la prevención, diagnóstico y tratamiento de enfermedades.","química farmacéutica, farmacia, medicamentos, biología, bioquímica, industria farmacéutica, control de calidad, farmacología","19,3308","-99,1889",
Química Industrial - Facultad de Química,"Facultad de Química, Ciudad de México",Ciencias Físico - Matemáticas y de las Ingenierías,"La demanda a primer ingreso en esta licenciatura en el ciclo 2023-2024 fue de 420. La asignación total de lugares para esta carrera fue de 100, por lo que de cada 4 estudiantes que demandaron la carrera, ingresó 1. El 50% del alumnado de primer ingreso son mujeres y 50% hombres.",Facultad de Química: 79,Facultad de Química: 8.00,Asignación total de 100 lugares,Haber cursado el Área de las Ciencias Físico-Matemáticas o Químico-Biológicas. Interés por los procesos químicos a nivel industrial y la producción a gran escala.,"El Químico Industrial aplica los principios de la química para diseñar, controlar y optimizar procesos de producción industrial en plantas químicas, asegurando la calidad y eficiencia.","química industrial, procesos químicos, producción industrial, control de calidad, ingeniería química, plantas industriales, manufactura química","19,3308","-99,1889",
Relaciones Internacionales - FCPyS,"Facultad de Ciencias Políticas y Sociales, Ciudad de México",Ciencias Sociales,"La demanda a primer ingreso en esta licenciatura en el ciclo 2023-2024 fue de 5,314. La asignación total de lugares para esta carrera fue de 622, por lo que de cada 9 estudiantes que demandaron la carrera, ingresó 1. El 59% del alumnado de primer ingreso son mujeres y 41% hombres.",FCPyS: 88,FCPyS: 8.30,Asignación total de 622 lugares (conjunto todas las sedes),"Haber cursado el Área de las Ciencias Sociales. Interés por la política mundial, la diplomacia y las relaciones entre países. Dominio del inglés y gusto por otras culturas. Capacidad de análisis.","El internacionalista analiza la realidad política, económica, jurídica y social del sistema internacional, y participa en la formulación y ejecución de la política exterior de los estados y organismos internacionales.","relaciones internacionales, política exterior, diplomacia, comercio internacional, organismos internacionales, geopolítica, derecho internacional, globalización","19,3158","-99,1805",
Relaciones Internacionales - FES Acatlán,"FES Acatlán, Estado de México",Ciencias Sociales,"La demanda a primer ingreso en esta licenciatura en el ciclo 2023-2024 fue de 5,314. La asignación total de lugares para esta carrera fue de 622, por lo que de cada 9 estudiantes que demandaron la carrera, ingresó 1. El 59% del alumnado de primer ingreso son mujeres y 41% hombres.",FES Acatlán: 76,FES Acatlán: 7.98,Asignación total de 622 lugares (conjunto todas las sedes),"Haber cursado el Área de las Ciencias Sociales. Interés por la política mundial, la diplomacia y las relaciones entre países. Dominio del inglés y gusto por otras culturas. Capacidad de análisis.","El internacionalista analiza la realidad política, económica, jurídica y social del sistema internacional, y participa en la formulación y ejecución de la política exterior de los estados y organismos internacionales.","relaciones internacionales, política exterior, diplomacia, comercio internacional, organismos internacionales, geopolítica, derecho internacional, globalización","19,5135","-99,2484",
Relaciones Internacionales - FES Aragón,"FES Aragón, Estado de México",Ciencias Sociales,"La demanda a primer ingreso en esta licenciatura en el ciclo 2023-2024 fue de 5,314. La asignación total de lugares para esta carrera fue de 622, por lo que de cada 9 estudiantes que demandaron la carrera, ingresó 1. El 59% del alumnado de primer ingreso son mujeres y 41% hombres.",FES Aragón: 75,FES Aragón: 7.92,Asignación total de 622 lugares (conjunto todas las sedes),"Haber cursado el Área de las Ciencias Sociales. Interés por la política mundial, la diplomacia y las relaciones entre países. Dominio del inglés y gusto por otras culturas. Capacidad de análisis.","El internacionalista analiza la realidad política, económica, jurídica y social del sistema internacional, y participa en la formulación y ejecución de la política exterior de los estados y organismos internacionales.","relaciones internacionales, política exterior, diplomacia, comercio internacional, organismos internacionales, geopolítica, derecho internacional, globalización","19,4799","-99,0481",
Sociología - FCPyS,"Facultad de Ciencias Políticas y Sociales, Ciudad de México",Ciencias Sociales,"La demanda a primer ingreso en esta licenciatura en el ciclo 2023-2024 fue de 2,037. La asignación total de lugares para esta carrera fue de 465, por lo que de cada 4 estudiantes que demandaron la carrera, ingresó 1. El 60% del alumnado de primer ingreso son mujeres y 40% hombres.",FCPyS: 72,FCPyS: 7.67,Asignación total de 465 lugares (conjunto todas las sedes),"Haber cursado el Área de las Ciencias Sociales. Interés por la sociedad, los fenómenos sociales y los problemas colectivos. Capacidad de análisis crítico y de investigación.","El sociólogo estudia la estructura, organización y dinámica de la sociedad, analizando los fenómenos y problemas sociales para comprenderlos y proponer soluciones.","sociología, sociedad, estructura social, cambio social, teoría sociológica, investigación social, problemas sociales","19,3158","-99,1805",
Sociología - FES Acatlán,"FES Acatlán, Estado de México",Ciencias Sociales,"La demanda a primer ingreso en esta licenciatura en el ciclo 2023-2024 fue de 2,037. La asignación total de lugares para esta carrera fue de 465, por lo que de cada 4 estudiantes que demandaron la carrera, ingresó 1. El 60% del alumnado de primer ingreso son mujeres y 40% hombres.",FES Acatlán: 59,FES Acatlán: 7.40,Asignación total de 465 lugares (conjunto todas las sedes),"Haber cursado el Área de las Ciencias Sociales. Interés por la sociedad, los fenómenos sociales y los problemas colectivos. Capacidad de análisis crítico y de investigación.","El sociólogo estudia la estructura, organización y dinámica de la sociedad, analizando los fenómenos y problemas sociales para comprenderlos y proponer soluciones.","sociología, sociedad, estructura social, cambio social, teoría sociológica, investigación social, problemas sociales","19,5135","-99,2484",
Sociología - FES Aragón,"FES Aragón, Estado de México",Ciencias Sociales,"La demanda a primer ingreso en esta licenciatura en el ciclo 2023-2024 fue de 2,037. La asignación total de lugares para esta carrera fue de 465, por lo que de cada 4 estudiantes que demandaron la carrera, ingresó 1. El 60% del alumnado de primer ingreso son mujeres y 40% hombres.",FES Aragón: 60,FES Aragón: 7.42,Asignación total de 465 lugares (conjunto todas las sedes),"Haber cursado el Área de las Ciencias Sociales. Interés por la sociedad, los fenómenos sociales y los problemas colectivos. Capacidad de análisis crítico y de investigación.","El sociólogo estudia la estructura, organización y dinámica de la sociedad, analizando los fenómenos y problemas sociales para comprenderlos y proponer soluciones.","sociología, sociedad, estructura social, cambio social, teoría sociológica, investigación social, problemas sociales","19,4799","-99,0481",
Sociología Aplicada - FES Acatlán,"FES Acatlán, Estado de México",Ciencias Sociales,"La demanda a primer ingreso en esta licenciatura en el ciclo 2023-2024 fue de 322. La asignación total de lugares para esta carrera fue de 65, por lo que de cada 5 estudiantes que demandaron la carrera, ingresó 1. El 58% del alumnado de primer ingreso son mujeres y 42% hombres.",FES Acatlán: 57,FES Acatlán: 7.40,Asignación total de 65 lugares,Haber cursado el Área de las Ciencias Sociales. Interés por aplicar el conocimiento sociológico a la solución de problemas concretos. Vocación por el trabajo de campo y la intervención social.,El sociólogo aplicado utiliza herramientas teóricas y metodológicas de la sociología para intervenir en realidades sociales específicas y contribuir a la solución de problemas en comunidades y organizaciones.,"sociología aplicada, intervención social, investigación-acción, políticas públicas, desarrollo comunitario, diagnóstico social, evaluación de proyectos","19,5135","-99,2484",
Teatro y Actuación - CUT,"Centro Universitario de Teatro, Ciudad de México",Humanidades y de las Artes,"La demanda a primer ingreso en esta licenciatura en el ciclo 2023-2024 fue de 1,093. La asignación total de lugares para esta carrera fue de 189, por lo que de cada 6 estudiantes que demandaron la carrera, ingresó 1. El 57% del alumnado de primer ingreso son mujeres y 43% hombres.",Centro Universitario de Teatro: 65,Centro Universitario de Teatro: Sin registro,Asignación total de 189 lugares,"Haber cursado el Área de las Humanidades y Artes. Talento actoral, creatividad y capacidad de expresión corporal y vocal. Disciplina, concentración y capacidad de trabajo en equipo.","El licenciado en Teatro y Actuación es un artista escénico capaz de interpretar y crear personajes, participar en puestas en escena y desarrollar proyectos teatrales con una visión crítica y creativa.","teatro, actuación, artes escénicas, interpretación, actor, puesta en escena, dramaturgia, expresión corporal","19,3179","-99,1835",
Tecnología - ENES Juriquilla,"ENES Unidad Juriquilla, Querétaro",Ciencias Físico - Matemáticas y de las Ingenierías,"La demanda a primer ingreso en esta licenciatura en el ciclo 2023-2024 fue de 115. La asignación total de lugares para esta carrera fue de 44, por lo que de cada 3 estudiantes que demandaron la carrera, ingresó 1. El 41% del alumnado de primer ingreso son mujeres y 59% hombres.",ENES Unidad Juriquilla: 72,ENES Unidad Juriquilla: 7.78,Asignación total de 44 lugares,"Haber cursado el Área de las Ciencias Físico-Matemáticas. Interés por la tecnología, la innovación y la resolución de problemas prácticos. Capacidad de análisis y creatividad.","El licenciado en Tecnología aplica conocimientos y metodologías para resolver problemas de innovación tecnológica, adaptando y desarrollando soluciones en diversos campos productivos.","tecnología, innovación, desarrollo tecnológico, prototipado, proyectos tecnológicos, solución de problemas, transferencia tecnológica","20,7033","-100,4487",
Tecnologías para la Información en Ciencias - ENES Morelia,"ENES Unidad Morelia, Michoacán",Ciencias Físico - Matemáticas y de las Ingenierías,"La demanda a primer ingreso en esta licenciatura en el ciclo 2023-2024 fue de 91. La asignación total de lugares para esta carrera fue de 41, por lo que de cada 2 estudiantes que demandaron la carrera, ingresó 1. El 44% del alumnado de primer ingreso son mujeres y 56% hombres.",ENES Unidad Morelia: 60,ENES Unidad Morelia: 7.50,Información no disponible,"Haber cursado el Área de las Ciencias Físico-Matemáticas. Interés por la computación, las bases de datos y la gestión de información científica. Gusto por la programación.","El licenciado en Tecnologías para la Información en Ciencias aplica herramientas computacionales para gestionar, analizar y visualizar datos e información científica en diversas disciplinas.","tecnologías de la información, ciencia de datos, bases de datos científicas, programación, visualización de datos, gestión de información, e-ciencia","19,649","-101,225",
Trabajo Social - ENTS,"Escuela Nacional de Trabajo Social, Ciudad de México",Ciencias Sociales,"La demanda a primer ingreso en esta licenciatura en el ciclo 2023-2024 fue de 3,498. La asignación total de lugares para esta carrera fue de 578, por lo que de cada 6 estudiantes que demandaron la carrera, ingresó 1. El 76% del alumnado de primer ingreso son mujeres y 24% hombres.",ENTS: 63,ENTS: 7.45,Asignación total de 578 lugares,"Haber cursado el Área de las Ciencias Sociales. Vocación de servicio, sensibilidad social y empatía. Interés por el bienestar comunitario y la gestión de recursos sociales.","El trabajador social es el profesional que investiga, planea, gestiona y evalúa programas y políticas sociales para promover el bienestar y desarrollo de individuos, grupos y comunidades.","trabajo social, intervención social, bienestar social, políticas sociales, desarrollo comunitario, gestión social, investigación social","19,3213","-99,1861",
Traducción - ENES Morelia,"ENES Unidad Morelia, Michoacán",Humanidades y de las Artes,"La demanda a primer ingreso en esta licenciatura en el ciclo 2023-2024 fue de 234. La asignación total de lugares para esta carrera fue de 59, por lo que de cada 4 estudiantes que demandaron la carrera, ingresó 1. El 71% del alumnado de primer ingreso son mujeres y 29% hombres.",ENES Unidad Morelia: 69,ENES Unidad Morelia: 8.00,Información no disponible,"Haber cursado el Área de las Humanidades y Artes. Dominio de al menos dos lenguas (español e inglés u otra). Interés por la lingüística, la cultura y la comunicación intercultural.","El traductor es el profesional que transfiere mensajes escritos de una lengua a otra de manera precisa y culturalmente adecuada, facilitando la comunicación entre diferentes culturas.","traducción, traductor, interpretación, lenguas, lingüística aplicada, comunicación intercultural, traducción especializada","19,649","-101,225",
Turismo y Desarrollo Sostenible - ENES Mérida,"ENES Unidad Mérida, Yucatán",Ciencias Sociales,"La demanda a primer ingreso en esta licenciatura en el ciclo 2023-2024 fue de 184. La asignación total de lugares para esta carrera fue de 69, por lo que de cada 3 estudiantes que demandaron la carrera, ingresó 1. El 71% del alumnado de primer ingreso son mujeres y 29% hombres.",ENES Unidad Mérida: 60,ENES Unidad Mérida: 7.62,Asignación total de 69 lugares,"Haber cursado el Área de las Ciencias Sociales o Biológicas. Interés por el turismo, la sustentabilidad y el desarrollo comunitario. Gusto por viajar y conocer otras culturas.","El licenciado en Turismo y Desarrollo Sostenible planifica y gestiona proyectos turísticos que promueven el desarrollo económico y social de las comunidades, respetando el medio ambiente y el patrimonio cultural.","turismo, desarrollo sostenible, ecoturismo, turismo cultural, gestión turística, sustentabilidad, patrimonio, desarrollo comunitario","21,0496","-89,6204",
Urbanismo - Facultad de Arquitectura,"Facultad de Arquitectura, Ciudad de México",Ciencias Físico - Matemáticas y de las Ingenierías,"La demanda a primer ingreso en esta licenciatura en el ciclo 2023-2024 fue de 438. La asignación total de lugares para esta carrera fue de 78, por lo que de cada 6 estudiantes que demandaron la carrera, ingresó 1. El 55% del alumnado de primer ingreso son mujeres y 45% hombres.",Facultad de Arquitectura: 79,Facultad de Arquitectura: 8.00,Asignación total de 78 lugares,"Haber cursado el Área de las Ciencias Físico-Matemáticas o Sociales. Interés por las ciudades, la planeación urbana y el ordenamiento territorial. Capacidad de análisis espacial.","El urbanista planifica, diseña y gestiona el desarrollo de las ciudades y el territorio, promoviendo espacios urbanos sustentables, equitativos y con calidad de vida.","urbanismo, planeación urbana, ciudad, ordenamiento territorial, diseño urbano, desarrollo urbano, sustentabilidad urbana, gestión urbana","19,3326","-99,1866",
